,Id,LotArea,LotShape,BsmtExposure,BsmtFinType1,BsmtFinSF1,CentralAir,Electrical,2ndFlrSF,BsmtFullBath,HalfBath,FireplaceQu,GarageFinish,PavedDrive,WoodDeckSF,OpenPorchSF
0,1,8450,0,0,0,706,0,0,854,1,1,-1,0,0,0,61
1,2,9600,0,1,1,978,0,0,0,0,0,0,0,0,298,0
2,3,11250,1,2,0,486,0,0,866,1,1,0,0,0,0,42
3,4,9550,1,0,1,216,0,0,756,1,0,1,1,0,0,35
4,5,14260,1,3,0,655,0,0,1053,1,1,0,0,0,192,84
5,6,14115,1,0,0,732,0,0,566,1,1,-1,1,0,40,30
6,7,10084,0,3,0,1369,0,0,0,1,0,1,0,0,255,57
7,8,10382,1,2,1,859,0,0,983,1,1,0,0,0,235,204
8,9,6120,0,0,2,0,0,1,752,0,0,0,1,0,90,0
9,10,7420,0,0,0,851,0,0,0,1,0,0,0,0,0,4
10,11,11200,0,0,3,906,0,0,0,1,0,-1,1,0,0,0
11,12,11924,1,0,0,998,0,0,1142,1,0,1,2,0,147,21
12,13,12968,2,0,1,737,0,0,0,1,0,-1,1,0,140,0
13,14,10652,1,3,2,0,0,0,0,0,0,1,0,0,160,33
14,15,10920,1,0,4,733,0,0,0,1,1,2,0,0,0,213
15,16,6120,0,0,2,0,0,2,0,0,0,-1,1,0,48,112
16,17,11241,1,0,1,578,0,0,0,1,0,0,2,0,0,0
17,18,10791,0,-1,-1,0,0,0,0,0,0,-1,1,0,0,0
18,19,13695,0,0,0,646,0,0,0,1,1,-1,1,0,0,102
19,20,7560,0,0,5,504,0,0,0,0,0,-1,1,0,0,0
20,21,14215,1,3,2,0,0,0,1218,0,1,1,0,0,240,154
21,22,7449,0,0,2,0,0,1,0,0,0,1,1,1,0,0
22,23,9742,0,0,2,0,0,0,0,0,0,1,0,0,171,159
23,24,4224,0,0,0,840,0,0,0,1,0,0,1,0,100,110
24,25,8246,1,2,3,188,0,0,0,1,0,0,1,0,406,90
25,26,14230,0,0,2,0,0,0,0,0,0,1,0,0,0,56
26,27,7200,0,2,4,234,0,0,0,0,0,-1,1,0,222,32
27,28,11478,0,0,0,1218,0,0,0,1,0,1,0,0,0,50
28,29,16321,1,1,4,1277,0,0,0,1,0,1,0,0,288,258
29,30,6324,1,0,2,0,1,0,0,0,0,-1,1,0,49,0
30,31,8500,0,0,2,0,1,0,668,0,0,-1,1,1,0,54
31,32,8544,1,0,2,0,0,0,0,0,1,-1,1,0,0,65
32,33,11049,0,3,2,0,0,0,0,0,0,-1,0,0,0,30
33,34,10552,1,0,3,1018,0,0,0,0,1,1,0,0,0,38
34,35,7313,0,0,0,1153,0,0,0,1,0,1,2,0,203,47
35,36,13418,0,3,2,0,0,0,1320,0,1,1,2,0,113,32
36,37,10859,0,0,2,0,0,0,0,0,1,-1,1,0,392,64
37,38,8532,0,0,3,1213,0,0,0,0,0,0,2,0,0,0
38,39,7922,0,0,0,731,0,0,0,1,0,-1,1,0,0,52
39,40,6040,0,-1,-1,0,1,3,0,0,0,-1,-1,1,0,0
40,41,8658,0,0,3,643,0,0,0,0,0,0,0,0,0,138
41,42,16905,0,1,4,967,0,0,0,0,1,1,0,2,0,104
42,43,9180,1,3,1,747,0,0,0,1,0,-1,0,0,240,0
43,44,9200,1,3,5,280,0,0,0,1,0,-1,1,0,145,0
44,45,7945,0,0,1,179,0,2,0,1,0,-1,0,0,0,0
45,46,7658,0,0,0,456,0,0,0,1,0,1,0,0,196,82
46,47,12822,1,0,0,1351,0,0,631,1,1,3,0,0,168,43
47,48,11096,0,3,0,24,0,0,0,0,0,-1,0,0,0,146
48,49,4456,0,0,2,0,0,0,716,0,0,-1,-1,1,0,0
49,50,7742,0,0,4,763,0,0,0,1,0,-1,1,0,0,0
50,51,13869,2,3,0,182,0,0,676,0,0,-1,2,0,0,75
51,52,6240,0,0,2,0,0,0,0,0,0,1,1,0,112,0
52,53,8472,2,1,5,104,1,0,0,1,0,-1,1,0,106,0
53,54,50271,1,1,0,1810,0,0,0,2,1,1,2,0,857,72
54,55,7134,0,0,1,384,0,0,0,0,0,0,1,0,0,50
55,56,10175,1,0,4,490,0,0,0,0,0,1,0,0,0,0
56,57,2645,0,0,0,649,0,0,756,1,1,-1,2,0,115,0
57,58,11645,1,0,2,0,0,0,860,0,1,-1,0,0,0,70
58,59,13682,2,1,2,0,0,0,1519,0,1,1,2,0,192,0
59,60,7200,0,3,1,632,0,0,0,0,0,-1,1,0,196,0
60,61,13072,0,0,1,941,0,0,0,1,1,-1,1,0,0,50
61,62,7200,0,0,2,0,1,0,530,0,0,-1,1,1,0,0
62,63,6442,1,2,0,24,0,0,0,0,0,1,0,0,120,49
63,64,10300,1,0,2,0,0,0,808,0,0,-1,1,0,12,11
64,65,9375,0,0,0,739,0,0,977,1,1,-1,0,0,576,36
65,66,9591,0,3,2,0,0,0,1330,0,1,1,0,0,192,151
66,67,19900,0,1,0,912,0,0,0,1,0,1,0,0,301,0
67,68,10665,1,3,0,1013,0,0,0,1,0,-1,0,0,144,29
68,69,4608,0,0,2,0,0,0,0,0,0,-1,1,0,0,0
69,70,15593,0,0,4,603,0,0,983,0,0,0,2,0,0,21
70,71,13651,1,1,1,1880,0,0,0,1,0,1,2,0,300,0
71,72,7599,0,0,1,565,0,0,0,1,0,-1,1,0,0,0
72,73,10141,1,0,2,0,0,0,833,0,1,0,2,0,0,94
73,74,10200,0,0,1,320,0,0,0,1,0,-1,1,0,0,0
74,75,5790,0,0,2,0,1,0,765,0,0,-1,1,0,0,0
75,76,1596,0,1,0,462,0,0,462,1,0,-1,1,0,120,101
76,77,8475,1,0,1,228,0,2,0,0,0,-1,1,0,0,0
77,78,8635,0,0,4,336,0,0,213,1,0,-1,1,0,0,0
78,79,10778,0,0,2,0,1,0,0,0,0,-1,-1,0,0,0
79,80,10440,0,0,2,0,0,0,548,0,1,-1,1,0,74,0
80,81,13000,0,0,3,448,0,0,960,0,1,1,2,0,0,72
81,82,4500,0,0,0,1201,0,0,0,1,0,-1,2,0,0,199
82,83,10206,0,0,0,33,0,0,0,0,0,1,0,0,144,99
83,84,8892,1,0,2,0,0,0,0,0,1,-1,1,0,74,0
84,85,8530,1,0,2,0,0,0,670,0,1,0,2,0,120,72
85,86,16059,0,0,2,0,0,0,1116,0,1,0,1,0,127,82
86,87,11911,2,3,2,0,0,0,876,0,1,1,2,0,100,38
87,88,3951,0,3,2,0,0,0,612,0,1,-1,0,0,0,234
88,89,8470,1,0,2,0,1,0,0,0,0,-1,-1,1,0,0
89,90,8070,0,0,0,588,0,0,0,1,0,-1,-1,0,0,0
90,91,7200,0,-1,-1,0,0,2,0,0,0,-1,1,0,0,29
91,92,8500,0,0,3,600,0,0,0,0,0,-1,1,0,0,0
92,93,13360,1,0,1,713,0,0,0,1,0,-1,1,0,0,0
93,94,7200,0,2,3,1046,1,0,1031,0,0,1,1,0,0,0
94,95,9337,1,0,0,648,0,0,881,1,1,-1,0,0,0,162
95,96,9765,2,0,1,310,0,0,790,0,1,0,2,0,232,63
96,97,10264,1,3,1,1162,0,0,0,0,0,-1,0,0,158,29
97,98,10921,0,0,3,520,0,1,0,1,0,-1,2,2,120,0
98,99,10625,0,0,1,108,1,0,0,0,0,-1,1,0,0,0
99,100,9320,1,0,1,569,0,0,0,1,1,-1,-1,0,352,0
100,101,10603,1,2,1,1200,0,0,0,1,0,0,0,0,168,68
101,102,9206,0,0,2,0,0,0,755,0,1,0,2,0,192,46
102,103,7018,0,-1,-1,0,0,0,0,0,0,-1,1,0,0,0
103,104,10402,1,0,2,0,0,0,0,0,0,-1,0,0,0,36
104,105,7758,0,0,5,224,0,1,592,0,1,0,1,0,0,0
105,106,9375,0,0,2,0,0,0,939,0,1,1,0,0,140,45
106,107,10800,0,0,2,0,0,0,0,0,0,-1,1,1,0,0
107,108,6000,0,0,1,104,0,0,0,0,0,-1,1,0,0,0
108,109,8500,0,0,2,0,1,1,520,0,0,-1,-1,1,0,0
109,110,11751,1,0,4,705,0,0,0,0,0,0,0,0,0,122
110,111,9525,0,0,3,444,0,0,639,0,0,-1,1,0,182,0
111,112,7750,1,0,0,250,0,0,656,0,1,0,2,0,180,0
112,113,9965,0,3,0,984,0,0,1414,1,1,1,2,0,120,184
113,114,21000,0,2,1,35,0,0,0,1,0,1,1,0,166,120
114,115,7259,1,0,1,774,0,0,884,1,1,0,1,0,224,0
115,116,3230,0,0,0,419,0,0,729,0,1,2,1,0,0,32
116,117,11616,0,0,5,170,0,0,0,0,0,4,1,0,0,20
117,118,8536,0,0,2,0,0,0,0,0,1,-1,1,0,80,64
118,119,12376,0,2,0,1470,0,0,1523,1,0,0,1,0,367,0
119,120,8461,0,0,2,0,0,0,728,0,1,1,2,0,0,24
120,121,21453,1,1,1,938,0,0,0,1,0,0,1,0,0,130
121,122,6060,0,0,2,0,0,0,351,0,0,-1,1,2,0,0
122,123,9464,0,0,4,570,0,0,0,0,0,-1,1,0,0,0
123,124,7892,0,0,0,300,0,0,0,0,0,-1,0,0,0,63
124,125,17043,1,0,2,0,0,0,0,0,0,0,1,0,192,0
125,126,6780,0,3,0,490,1,0,0,1,0,-1,-1,1,53,0
126,127,4928,1,0,1,120,0,0,0,0,0,0,0,0,0,205
127,128,4388,1,0,5,116,0,0,0,0,0,0,-1,1,0,0
128,129,7590,0,0,4,512,0,0,688,0,1,2,0,0,188,108
129,130,8973,0,0,3,567,0,2,0,0,1,-1,0,0,0,80
130,131,14200,0,0,3,445,0,0,941,0,1,1,2,0,105,66
131,132,12224,1,0,0,695,0,0,1032,1,1,0,0,0,24,48
132,133,7388,0,0,3,405,0,0,0,1,0,-1,1,0,0,0
133,134,6853,1,0,0,1005,0,0,0,1,0,-1,2,0,192,25
134,135,10335,1,0,3,570,0,0,0,0,1,0,0,0,0,96
135,136,10400,0,0,2,0,0,0,0,0,0,1,1,0,98,0
136,137,10355,1,0,4,695,0,0,0,0,0,2,0,0,0,111
137,138,11070,0,0,2,0,0,0,0,0,0,-1,1,0,0,0
138,139,9066,1,2,0,668,0,0,848,0,1,0,2,0,224,106
139,140,15426,1,0,0,821,0,0,836,1,1,-1,0,0,276,99
140,141,10500,0,0,1,432,0,0,0,0,0,4,-1,0,0,0
141,142,11645,0,3,0,1300,0,0,0,1,0,-1,2,0,160,24
142,143,8520,0,0,3,507,0,0,475,0,0,-1,1,0,0,0
143,144,10335,1,1,0,679,0,0,0,1,0,-1,0,0,144,29
144,145,9100,0,0,3,1332,0,0,0,1,0,-1,1,0,0,0
145,146,2522,0,0,2,0,0,0,739,0,0,-1,1,0,0,40
146,147,6120,0,0,4,209,0,2,0,1,0,-1,1,0,48,0
147,148,9505,1,0,2,0,0,0,1151,0,1,1,2,0,144,48
148,149,7500,0,0,0,680,0,0,0,1,0,-1,-1,0,0,0
149,150,6240,0,0,2,0,0,2,448,0,0,-1,1,0,200,114
150,151,10356,0,3,4,716,0,0,0,0,1,-1,1,0,0,0
151,152,13891,0,1,0,1400,0,0,0,1,0,1,0,0,0,102
152,153,14803,1,0,3,416,0,0,896,0,1,1,0,0,0,66
153,154,13500,0,1,4,429,0,0,0,1,0,1,0,0,409,0
154,155,11340,0,0,2,0,0,2,0,0,0,-1,1,0,0,0
155,156,9600,0,0,2,0,1,1,524,0,0,-1,-1,1,0,8
156,157,7200,0,-1,-1,0,0,1,0,0,0,-1,1,0,0,0
157,158,12003,0,0,2,0,0,0,1194,0,1,1,2,0,0,75
158,159,12552,0,0,0,222,0,0,956,0,1,1,0,0,0,136
159,160,19378,1,2,0,57,0,0,1070,1,1,1,0,0,239,132
160,161,11120,1,0,4,660,0,0,0,0,0,-1,1,0,0,0
161,162,13688,1,3,0,1016,0,0,1096,1,1,1,2,0,400,0
162,163,12182,0,2,4,1201,0,0,0,0,0,1,0,0,0,70
163,164,5500,0,0,2,0,0,0,0,0,0,-1,-1,0,0,0
164,165,5400,0,2,5,370,0,2,467,0,0,-1,1,0,0,0
165,166,10106,0,0,1,351,0,0,547,1,0,-1,-1,0,140,0
166,167,10708,1,0,5,379,0,2,0,1,0,1,2,0,476,0
167,168,10562,0,0,0,1288,0,0,551,1,1,1,2,0,178,120
168,169,8244,1,0,2,0,0,0,880,0,1,1,2,0,100,48
169,170,16669,1,0,2,0,0,0,0,0,1,0,0,0,574,64
170,171,12358,1,0,3,360,0,0,0,0,1,-1,1,0,237,0
171,172,31770,1,1,4,639,0,0,0,1,0,1,2,2,210,62
172,173,5306,1,0,0,495,0,0,703,1,0,0,0,0,441,35
173,174,10197,1,0,1,288,0,0,0,1,1,0,1,0,0,20
174,175,12416,1,0,1,1398,0,0,0,1,0,0,2,0,192,0
175,176,12615,0,3,1,477,0,0,0,1,0,1,1,0,0,29
176,177,10029,1,0,0,831,0,0,896,0,1,0,1,0,0,228
177,178,13650,0,0,1,57,0,0,668,1,0,1,1,0,0,0
178,179,17423,1,0,0,1904,0,0,0,1,0,1,2,0,0,60
179,180,8520,0,0,2,0,0,0,0,0,0,-1,1,1,0,0
180,181,2117,0,0,0,436,0,0,756,0,1,0,1,0,0,0
181,182,7588,0,0,5,352,0,0,901,0,1,1,1,0,0,0
182,183,9060,0,-1,-1,0,0,0,0,0,0,1,0,0,116,0
183,184,11426,0,0,2,0,0,0,720,0,1,-1,1,1,280,238
184,185,7438,1,0,2,0,0,0,316,0,0,-1,1,0,104,0
185,186,22950,2,2,2,0,0,0,1518,0,1,0,1,0,0,260
186,187,9947,1,3,0,611,0,0,0,1,0,-1,1,0,168,27
187,188,10410,0,0,2,0,0,0,704,0,1,-1,1,1,0,0
188,189,7018,0,3,0,1086,0,0,0,2,2,0,1,0,120,0
189,190,4923,0,3,0,1153,0,0,0,1,1,1,2,0,0,120
190,191,10570,0,0,3,297,0,0,1178,0,1,0,1,0,0,74
191,192,7472,1,0,1,626,0,0,754,1,1,-1,2,0,0,32
192,193,9017,1,3,0,560,0,0,0,1,0,-1,2,0,0,35
193,194,2522,0,0,2,0,0,0,739,0,0,-1,1,0,0,40
194,195,7180,1,3,1,390,0,0,0,0,0,-1,1,0,0,0
195,196,2280,0,0,1,566,0,0,601,0,1,0,1,0,87,0
196,197,9416,0,0,0,1126,0,0,0,1,0,1,2,0,171,138
197,198,25419,0,0,0,1036,0,0,1360,1,0,3,1,0,0,16
198,199,5520,0,0,2,0,0,0,929,0,0,-1,-1,0,0,198
199,200,9591,0,3,0,1088,0,0,0,1,0,1,2,0,0,26
200,201,8546,0,0,2,0,0,0,0,0,0,-1,0,0,132,64
201,202,10125,0,0,1,641,0,0,0,0,0,2,1,0,238,83
202,203,7000,0,0,5,617,0,0,445,0,0,-1,1,0,0,0
203,204,4438,0,3,0,662,0,0,0,1,0,1,0,0,149,0
204,205,3500,0,0,5,312,0,0,564,0,1,-1,1,0,0,35
205,206,11851,0,0,2,0,0,0,0,0,0,-1,0,0,0,34
206,207,13673,1,0,2,0,0,0,0,0,1,0,0,0,0,30
207,208,12493,1,0,1,419,0,0,0,1,0,4,0,0,355,0
208,209,14364,1,1,0,1065,0,0,882,1,1,1,2,0,60,55
209,210,8250,0,0,3,787,0,0,0,1,0,-1,0,0,0,0
210,211,5604,0,0,3,468,1,2,0,1,0,-1,-1,0,0,0
211,212,10420,0,2,0,36,0,0,0,0,0,-1,0,0,100,22
212,213,8640,0,0,0,822,0,0,920,1,1,0,0,0,168,108
213,214,13568,2,0,1,716,0,0,0,0,0,-1,1,0,224,0
214,215,10900,1,0,0,378,0,0,703,0,1,-1,2,0,0,36
215,216,10011,1,0,4,360,0,0,0,0,0,2,1,0,0,0
216,217,8450,0,2,0,946,0,0,0,1,0,-1,1,0,139,98
217,218,9906,0,0,2,0,1,0,518,0,0,-1,1,0,0,172
218,219,15660,1,0,4,341,0,0,817,0,1,0,1,0,0,119
219,220,3010,0,3,0,16,0,0,0,0,0,-1,2,0,108,0
220,221,8990,1,2,2,0,0,0,0,0,0,-1,0,0,351,33
221,222,8068,1,0,2,0,0,0,1257,0,1,0,0,0,120,46
222,223,11475,0,0,1,550,0,0,741,1,1,0,0,0,209,208
223,224,10500,0,0,1,524,0,0,0,0,0,-1,1,0,216,0
224,225,13472,0,1,0,56,0,0,0,0,0,3,2,0,248,105
225,226,1680,0,0,2,0,0,0,672,0,1,-1,1,0,0,0
226,227,9950,1,0,0,565,0,0,1306,0,1,0,0,0,224,114
227,228,1869,0,0,3,321,0,0,504,0,1,-1,1,0,0,0
228,229,8521,0,0,1,842,0,0,0,0,0,2,1,0,0,0
229,230,3182,0,3,0,16,0,0,0,0,0,0,2,0,143,20
230,231,8760,0,0,2,0,0,0,0,1,0,-1,0,0,0,0
231,232,15138,1,0,0,689,0,0,1304,1,1,0,2,0,0,146
232,233,1680,0,0,2,0,0,0,504,0,1,4,1,0,0,0
233,234,10650,0,3,5,182,0,0,0,1,0,-1,1,0,365,0
234,235,7851,0,0,0,625,0,0,1100,1,1,0,2,0,288,48
235,236,1680,0,0,1,358,0,0,504,0,1,-1,1,0,0,0
236,237,8773,0,3,0,24,0,0,0,0,0,-1,0,0,132,105
237,238,9453,1,0,4,402,0,0,730,0,1,-1,0,0,370,70
238,239,12030,0,0,2,0,0,0,0,0,0,-1,2,0,168,228
239,240,8741,0,0,5,94,0,2,689,0,1,1,1,0,0,140
240,241,9000,0,3,0,1078,0,0,0,1,0,-1,0,0,144,168
241,242,3880,0,0,1,329,0,0,0,0,0,-1,-1,0,58,42
242,243,5000,0,0,2,0,1,2,551,0,0,-1,1,0,0,0
243,244,10762,0,0,2,0,0,0,591,0,1,0,0,0,0,28
244,245,8880,1,0,0,695,0,0,888,1,1,2,0,0,0,130
245,246,10400,0,3,0,929,0,0,0,0,0,0,2,0,197,39
246,247,9142,0,0,2,0,1,3,1020,0,0,-1,1,0,0,60
247,248,11310,0,0,2,0,0,0,0,0,0,0,1,0,0,30
248,249,11317,0,0,2,0,0,0,828,0,1,-1,0,0,144,68
249,250,159000,2,1,3,697,0,0,700,0,0,0,2,0,0,98
250,251,5350,1,0,2,0,0,0,0,0,0,-1,-1,0,263,0
251,252,4750,1,1,0,1573,0,0,0,1,0,1,2,0,123,0
252,253,8366,1,0,2,0,0,0,842,0,1,-1,0,0,138,45
253,254,9350,0,1,5,270,0,0,0,0,0,-1,0,0,333,0
254,255,8400,0,0,3,922,0,0,0,1,0,-1,0,0,250,0
255,256,8738,1,0,2,0,0,0,1286,0,1,0,2,0,192,0
256,257,8791,1,0,3,503,0,0,864,0,1,-1,0,0,216,56
257,258,8814,0,0,0,1334,0,0,0,1,1,1,0,0,123,110
258,259,12435,0,0,0,361,0,0,829,0,1,0,0,0,0,96
259,260,12702,0,-1,-1,0,0,2,0,0,0,-1,1,0,0,45
260,261,19296,0,1,3,672,0,0,0,1,0,0,1,0,0,0
261,262,9588,1,0,2,0,0,0,1092,0,1,1,2,0,0,148
262,263,8471,1,3,1,506,0,0,0,1,0,0,1,0,292,12
263,264,5500,0,0,5,234,0,0,0,1,0,-1,1,0,0,0
264,265,5232,3,0,2,0,1,3,0,0,0,-1,1,1,0,0
265,266,12090,1,0,0,588,0,0,0,0,0,0,2,0,276,0
266,267,11207,1,3,0,714,0,0,709,1,1,0,2,0,95,75
267,268,8400,0,0,5,378,0,0,720,0,1,1,1,0,262,24
268,269,6900,0,0,1,403,0,0,0,0,0,1,2,0,0,25
269,270,7917,1,0,4,751,0,0,0,1,1,2,0,0,370,30
270,271,10728,0,2,2,0,0,0,844,0,1,1,0,0,192,51
271,272,39104,1,1,5,226,0,0,0,1,0,0,1,0,81,0
272,273,11764,1,0,0,524,0,0,1106,0,1,1,2,0,132,57
273,274,9600,0,0,3,620,0,0,0,1,0,1,0,0,289,0
274,275,8314,0,1,1,546,0,0,0,0,0,-1,1,0,168,0
275,276,7264,0,0,2,0,1,0,596,0,1,-1,1,0,74,0
276,277,9196,1,0,2,0,0,0,0,0,0,-1,2,0,100,150
277,278,19138,0,0,5,120,0,0,0,0,0,-1,1,0,0,0
278,279,14450,0,1,2,0,0,0,0,0,1,3,2,0,124,98
279,280,10005,0,0,4,392,0,0,866,0,1,0,2,0,288,117
280,281,11287,0,3,0,421,0,0,807,0,1,0,2,0,0,84
281,282,7200,0,0,0,905,0,0,0,0,0,-1,2,0,0,120
282,283,5063,0,0,0,904,0,0,0,1,0,1,0,0,172,62
283,284,9612,0,0,2,0,0,0,0,0,0,1,2,0,210,150
284,285,8012,0,0,0,430,0,0,0,1,0,-1,0,0,0,0
285,286,4251,1,0,2,0,0,0,625,0,1,-1,0,0,0,54
286,287,9786,1,0,3,600,0,0,649,0,1,1,0,0,0,0
287,288,8125,1,0,4,614,0,0,0,0,0,-1,-1,0,0,0
288,289,9819,1,0,4,450,0,0,0,0,0,-1,1,0,0,0
289,290,8730,0,0,2,0,0,2,698,0,0,-1,1,0,0,0
290,291,15611,0,3,2,0,0,0,840,0,1,1,0,0,0,51
291,292,5687,0,0,3,210,1,0,780,1,0,-1,-1,1,0,184
292,293,11409,0,0,5,292,0,0,568,0,1,1,1,0,0,0
293,294,16659,1,0,1,795,0,0,795,1,1,0,2,0,0,250
294,295,9600,0,0,0,1285,0,0,0,1,0,1,2,0,110,0
295,296,7937,1,3,0,819,0,0,0,1,0,-1,1,0,120,0
296,297,13710,0,0,4,420,0,2,648,0,1,-1,1,0,289,0
297,298,7399,1,0,4,649,0,0,975,0,1,0,0,0,0,10
298,299,11700,0,0,1,384,0,0,702,0,2,1,1,0,224,0
299,300,14000,0,0,2,0,0,0,0,0,0,1,1,0,0,36
300,301,15750,0,2,4,841,0,0,0,1,0,1,1,0,0,0
301,302,16226,3,0,0,281,0,0,1242,0,1,0,2,0,208,50
302,303,13704,1,0,2,0,0,0,0,0,0,0,0,0,468,81
303,304,9800,0,0,1,894,0,0,0,1,0,-1,1,0,256,0
304,305,18386,0,0,2,0,0,0,1818,0,0,3,1,0,302,0
305,306,10386,0,0,0,1464,0,0,0,1,0,-1,2,0,168,0
306,307,13474,0,0,1,700,0,0,1121,1,1,0,0,0,127,44
307,308,7920,1,0,2,0,0,2,371,0,0,-1,-1,1,0,144
308,309,12342,1,0,4,262,0,0,0,0,0,-1,1,0,158,0
309,310,12378,1,1,0,1274,0,0,0,1,0,3,2,0,208,175
310,311,7685,1,0,1,518,0,0,804,0,1,0,2,0,190,63
311,312,8000,0,0,1,680,0,0,0,1,0,1,1,0,0,0
312,313,7800,0,2,3,507,0,0,325,1,0,1,1,0,0,0
313,314,215245,3,1,1,1236,0,0,0,2,0,1,0,0,0,0
314,315,9600,0,0,5,16,0,0,809,0,1,1,1,0,0,0
315,316,7795,1,0,0,425,0,0,716,1,1,1,2,0,100,51
316,317,13005,1,0,0,692,0,0,1200,1,1,0,0,0,288,195
317,318,9000,0,3,2,0,0,0,871,0,1,1,0,0,208,46
318,319,9900,0,1,0,987,0,0,1274,1,1,0,0,0,340,60
319,320,14115,0,3,0,1036,0,0,0,1,0,0,1,0,233,48
320,321,16259,0,3,2,0,0,0,1347,0,1,-1,0,0,240,154
321,322,12099,1,3,0,970,0,0,1332,1,1,1,2,0,184,154
322,323,10380,1,1,5,28,0,0,1177,1,1,0,2,0,201,96
323,324,5820,0,0,1,256,0,0,0,1,0,-1,1,0,142,98
324,325,11275,0,0,2,0,0,0,1080,0,1,1,2,0,240,0
325,326,5000,0,3,4,116,1,1,0,0,0,-1,1,0,0,0
326,327,10846,1,1,0,1619,0,0,0,2,1,1,2,0,122,30
327,328,11600,0,0,3,565,0,0,0,0,1,-1,0,0,0,45
328,329,11888,1,0,2,0,1,2,689,0,0,-1,1,0,0,60
329,330,6402,0,2,2,0,1,0,596,0,0,-1,1,1,0,0
330,331,10624,1,0,0,40,0,0,0,0,0,-1,1,0,155,0
331,332,8176,0,0,3,846,0,0,0,1,0,-1,0,0,0,0
332,333,10655,1,0,0,1124,0,0,0,1,0,1,0,0,0,0
333,334,8198,0,3,0,720,0,0,0,1,0,1,0,0,192,30
334,335,9042,1,1,0,828,0,0,695,1,1,0,2,0,100,38
335,336,164660,1,1,1,1249,0,0,167,2,0,1,2,0,670,0
336,337,14157,1,1,0,1249,0,0,0,1,0,1,2,0,178,51
337,338,9135,0,3,0,810,0,0,0,1,0,-1,0,0,192,74
338,339,14145,0,2,1,213,0,0,0,1,0,-1,0,0,108,45
339,340,12400,1,0,3,585,0,2,0,0,0,-1,1,0,0,0
340,341,14191,0,0,2,0,0,0,915,0,1,-1,2,0,135,0
341,342,8400,0,0,2,0,0,0,0,0,0,-1,1,1,250,0
342,343,8544,0,-1,-1,0,1,2,0,0,0,-1,1,0,0,0
343,344,8849,1,0,0,28,0,0,0,0,0,3,0,0,495,72
344,345,2592,0,0,3,129,0,0,576,0,1,-1,1,0,182,0
345,346,6435,0,0,2,0,0,0,605,0,0,1,1,0,0,0
346,347,12772,1,2,4,498,0,0,0,0,0,-1,0,0,0,0
347,348,17600,1,0,4,1270,0,2,0,1,0,1,1,0,0,40
348,349,2448,0,0,0,573,0,0,862,1,1,-1,0,0,0,27
349,350,20431,2,0,0,1410,0,0,880,1,1,3,2,0,0,0
350,351,7820,1,0,2,0,0,0,0,0,0,1,0,0,210,54
351,352,5271,1,1,0,1082,0,0,0,1,1,0,0,0,0,80
352,353,9084,0,2,5,236,1,0,495,0,0,-1,1,0,48,0
353,354,8520,0,0,2,0,0,0,0,0,0,-1,1,0,106,0
354,355,8400,0,0,5,388,0,0,403,0,0,1,1,0,0,0
355,356,11249,2,0,1,334,0,0,0,1,0,-1,0,0,0,26
356,357,9248,1,0,0,560,0,0,0,1,0,-1,0,0,120,26
357,358,4224,0,0,1,874,0,0,0,1,1,4,2,0,536,90
358,359,6930,1,3,4,300,0,1,0,0,0,-1,1,0,168,0
359,360,12011,1,3,0,956,0,0,838,1,1,0,0,0,208,75
360,361,7540,1,3,0,773,0,0,0,1,0,0,0,0,0,0
361,362,9144,0,0,3,399,0,0,517,1,0,-1,1,1,0,0
362,363,7301,0,-1,-1,0,0,0,1427,0,0,3,0,0,0,0
363,364,1680,0,0,1,162,0,0,504,0,1,-1,1,0,250,0
364,365,18800,1,2,0,712,0,0,784,1,1,0,2,0,306,111
365,366,10690,0,0,3,456,0,2,672,0,0,-1,1,0,0,128
366,367,9500,1,0,4,609,0,0,0,1,1,1,0,0,0,76
367,368,9150,1,1,0,371,0,0,0,0,0,1,0,0,64,110
368,369,7800,0,0,5,540,0,0,0,0,0,1,2,0,0,98
369,370,9830,1,0,1,72,0,0,0,1,0,1,2,0,364,17
370,371,8121,1,0,2,0,0,0,711,0,1,0,0,0,100,40
371,372,17120,0,-1,-1,0,0,0,468,0,0,1,2,1,0,59
372,373,7175,0,0,1,623,0,0,0,1,0,-1,1,0,353,0
373,374,10634,0,0,4,428,0,0,0,1,0,-1,1,0,66,0
374,375,8200,0,0,2,0,0,0,1081,0,1,1,2,0,100,48
375,376,10020,1,1,4,350,1,2,0,1,1,-1,-1,0,0,0
376,377,8846,1,3,0,298,0,0,0,0,0,-1,1,0,0,0
377,378,11143,1,0,2,0,0,0,886,0,0,1,0,0,159,214
378,379,11394,0,3,0,1445,0,0,0,1,1,3,2,0,113,0
379,380,8123,1,0,2,0,0,0,793,0,1,0,2,0,100,63
380,381,5000,0,0,5,218,0,0,665,0,0,1,1,0,0,0
381,382,7200,0,0,2,0,0,0,0,1,0,1,0,0,216,121
382,383,9245,1,3,2,0,0,0,858,0,1,-1,0,0,144,53
383,384,9000,0,0,2,0,1,2,0,0,0,-1,1,1,0,0
384,385,53107,2,3,0,985,0,0,874,1,1,2,2,0,216,231
385,386,3182,0,0,0,24,0,0,0,0,0,0,2,0,146,20
386,387,8410,0,0,2,0,0,0,526,0,0,-1,-1,1,0,151
387,388,7200,0,3,1,631,0,0,0,1,0,2,1,0,296,0
388,389,9382,1,0,2,0,0,0,0,0,0,-1,0,0,120,25
389,390,12474,0,3,0,1280,0,0,590,1,1,3,2,0,196,134
390,391,8405,0,0,3,241,0,0,406,1,0,-1,1,0,0,130
391,392,12209,1,0,1,690,0,0,1157,1,1,0,2,0,125,192
392,393,8339,1,-1,-1,0,0,0,0,0,0,-1,0,0,0,0
393,394,7446,0,0,3,266,0,2,0,0,0,0,-1,0,0,0
394,395,10134,0,0,2,0,0,2,299,0,0,-1,1,0,0,39
395,396,9571,0,3,4,739,0,0,0,1,0,-1,1,0,44,0
396,397,7200,0,3,3,777,0,0,0,0,0,-1,0,0,215,0
397,398,7590,0,0,1,540,0,0,936,0,0,0,0,0,0,168
398,399,8967,0,0,2,0,0,4,0,0,0,-1,1,1,0,0
399,400,8125,0,0,0,812,0,0,438,1,0,-1,2,0,0,168
400,401,14963,2,0,0,786,0,0,0,1,1,1,2,0,120,30
401,402,8767,1,3,0,24,0,0,0,0,0,1,2,0,0,0
402,403,10200,0,0,2,0,0,0,0,0,0,-1,1,1,168,0
403,404,12090,0,0,2,0,0,0,1098,0,1,0,2,0,144,123
404,405,10364,1,0,2,0,0,0,766,0,1,0,2,0,0,40
405,406,9991,1,0,4,1116,0,0,0,1,0,0,1,0,120,78
406,407,10480,0,0,2,0,0,2,0,0,0,-1,1,0,0,0
407,408,15576,0,0,2,0,0,0,840,0,0,-1,1,0,0,0
408,409,14154,0,0,2,0,0,0,1101,0,1,1,0,0,192,62
409,410,10800,0,0,0,789,0,0,1028,1,1,1,2,0,0,102
410,411,9571,0,0,2,0,0,2,0,0,0,-1,1,0,0,0
411,412,34650,0,2,3,1056,1,0,0,1,0,-1,2,0,264,0
412,413,4403,2,3,0,578,0,0,0,1,1,1,2,0,0,144
413,414,8960,0,0,2,0,0,2,0,0,0,1,1,0,0,0
414,415,11228,2,0,4,50,0,0,1017,0,1,0,1,0,196,187
415,416,8899,1,3,0,24,0,0,0,0,0,-1,2,0,100,30
416,417,7844,0,0,1,209,0,0,728,0,1,0,2,0,0,0
417,418,22420,1,0,4,1128,1,2,1254,1,1,1,1,1,0,0
418,419,8160,0,0,1,312,1,1,378,1,1,-1,1,2,0,0
419,420,8450,0,0,4,775,0,0,0,1,0,2,1,0,0,85
420,421,7060,0,1,0,1309,0,0,0,2,0,-1,2,0,0,0
421,422,16635,1,0,1,1246,0,0,0,0,0,0,2,0,240,0
422,423,21750,0,0,2,0,0,2,0,0,0,-1,0,1,0,0
423,424,9200,0,0,0,986,0,0,1160,1,1,0,2,0,0,66
424,425,9000,0,0,5,616,0,2,0,1,0,1,0,0,0,44
425,426,3378,0,0,2,0,0,0,682,0,1,1,1,2,0,0
426,427,12800,0,1,0,1518,0,0,0,1,0,0,2,0,80,0
427,428,8593,1,0,3,288,0,0,0,0,0,-1,1,0,0,0
428,429,6762,0,0,0,664,0,0,0,1,0,-1,0,0,105,54
429,430,11457,1,2,0,1005,0,0,0,1,0,0,1,0,0,0
430,431,1680,0,0,1,387,0,0,504,0,1,-1,1,0,0,0
431,432,5586,1,0,2,0,0,0,110,0,0,-1,-1,1,0,98
432,433,1920,0,0,1,471,0,0,600,1,1,-1,1,0,240,36
433,434,10839,1,0,2,0,0,0,678,0,1,0,2,0,0,36
434,435,1890,0,3,1,495,0,0,0,1,0,-1,-1,0,88,0
435,436,10667,2,3,0,385,0,0,834,1,1,0,0,0,158,61
436,437,4400,0,0,2,0,0,2,384,0,0,-1,1,0,0,0
437,438,6000,0,0,2,0,0,0,0,0,0,-1,1,0,0,0
438,439,4280,0,0,5,365,1,0,0,0,0,1,1,2,0,0
439,440,12354,0,2,2,0,0,0,512,0,0,-1,1,0,0,46
440,441,15431,0,1,0,1767,0,0,0,1,0,1,2,0,0,72
441,442,12108,0,0,1,133,1,1,0,0,0,-1,-1,0,0,0
442,443,6240,0,0,2,0,0,0,445,0,0,1,1,2,0,0
443,444,3922,0,3,2,0,0,0,0,0,0,1,2,0,144,16
444,445,8750,0,0,0,642,0,0,975,1,1,0,1,0,144,133
445,446,9855,0,0,2,0,0,0,0,0,0,1,1,0,0,0
446,447,16492,1,0,1,247,0,0,0,0,1,1,2,0,0,0
447,448,11214,1,0,2,0,0,0,930,0,1,0,2,0,89,0
448,449,8600,0,0,2,0,0,0,596,0,0,1,1,1,0,0
449,450,6000,0,0,1,331,0,0,504,0,1,-1,1,0,0,176
450,451,5684,0,0,2,0,0,2,0,0,0,-1,1,1,0,113
451,452,70761,1,1,1,655,0,0,0,1,0,0,1,0,200,54
452,453,9303,1,0,1,742,0,0,868,1,1,-1,2,0,144,122
453,454,9000,0,0,2,0,0,0,804,0,1,-1,0,0,0,30
454,455,9297,0,0,1,1606,0,0,0,2,0,-1,1,0,0,0
455,456,9600,0,0,1,916,0,0,0,0,1,0,1,0,0,0
456,457,4571,0,0,2,0,1,0,720,0,0,-1,1,0,0,0
457,458,53227,1,1,4,1116,0,0,0,1,0,1,2,0,224,137
458,459,5100,0,0,2,0,0,0,833,0,0,1,1,0,192,63
459,460,7015,1,0,5,185,0,0,224,1,0,0,1,0,0,0
460,461,8004,1,0,0,544,0,0,1103,1,1,-1,2,0,0,150
461,462,7200,0,0,1,350,0,0,560,1,0,-1,0,0,256,0
462,463,8281,1,0,3,553,0,0,0,0,0,4,1,0,0,0
463,464,11988,1,0,5,326,0,2,811,0,1,1,1,0,0,0
464,465,8430,0,0,3,616,0,0,0,0,0,-1,-1,0,0,0
465,466,3072,0,0,2,0,0,0,0,0,0,0,2,0,144,20
466,467,10628,0,1,0,778,0,0,0,1,0,4,1,0,0,0
467,468,9480,0,0,5,386,0,0,756,0,1,1,1,0,168,0
468,469,11428,1,0,2,0,0,0,0,0,0,1,0,0,0,44
469,470,9291,1,0,0,426,0,0,878,0,1,-1,0,0,144,70
470,471,6820,1,3,0,368,0,0,0,1,1,-1,0,0,0,54
471,472,11952,0,0,2,0,0,0,808,0,1,1,0,0,0,0
472,473,3675,0,1,0,459,0,0,0,1,0,-1,0,0,0,28
473,474,14977,1,1,0,1350,0,0,0,1,0,3,0,0,250,63
474,475,5330,0,3,0,1196,0,0,0,1,0,-1,0,0,96,48
475,476,8480,0,0,0,630,0,0,0,1,0,-1,1,0,0,24
476,477,13125,0,1,0,994,0,0,0,1,0,0,2,0,140,39
477,478,13693,0,3,2,0,0,0,574,0,1,1,2,0,414,84
478,479,10637,0,1,0,1288,0,0,0,1,0,1,0,0,208,44
479,480,5925,0,0,3,168,0,0,0,0,0,-1,1,0,0,72
480,481,16033,1,1,0,1261,0,0,0,1,0,1,2,0,519,112
481,482,11846,1,1,0,1567,0,0,0,1,0,1,2,0,206,49
482,483,2500,0,0,1,299,0,0,910,1,1,1,1,0,0,0
483,484,4500,0,0,0,897,0,0,0,1,0,-1,1,0,0,125
484,485,7758,1,0,1,588,0,0,0,1,0,-1,1,0,0,132
485,486,9600,0,0,1,607,0,0,0,0,0,1,1,0,0,80
486,487,10289,0,0,1,836,0,0,0,1,1,-1,0,0,0,0
487,488,12243,1,3,1,998,0,0,0,0,0,0,1,0,224,0
488,489,10800,0,0,4,664,1,2,648,0,0,1,1,1,142,0
489,490,1526,0,3,0,515,0,0,0,1,0,-1,1,0,0,0
490,491,2665,0,2,2,0,0,0,688,0,1,1,2,0,141,24
491,492,9490,0,0,4,403,0,2,620,1,0,0,1,0,0,0
492,493,15578,1,0,2,0,0,0,728,0,1,-1,0,0,0,0
493,494,7931,0,0,4,374,0,2,0,0,1,2,1,0,0,0
494,495,5784,0,0,2,0,0,2,0,0,0,-1,1,0,144,20
495,496,7879,0,0,3,495,1,2,0,0,0,-1,-1,1,0,523
496,497,12692,1,0,0,1231,0,0,0,1,0,1,0,0,264,75
497,498,9120,0,0,3,329,0,0,687,1,0,-1,1,1,0,100
498,499,7800,0,0,1,450,0,0,0,0,0,-1,2,0,64,0
499,500,7535,1,0,4,111,0,0,0,0,0,-1,2,0,12,285
500,501,1890,0,0,4,356,0,0,546,0,1,-1,1,0,144,28
501,502,9803,0,0,0,400,0,0,902,0,1,-1,0,0,0,108
502,503,9170,0,0,1,698,0,0,0,1,0,-1,1,0,0,0
503,504,15602,1,0,1,1247,0,0,0,1,0,0,2,0,0,54
504,505,2308,0,0,1,257,0,0,467,0,1,2,1,0,260,0
505,506,7596,0,0,2,0,0,0,1000,0,0,-1,1,1,0,0
506,507,9554,1,0,0,380,0,0,846,0,1,0,0,0,182,81
507,508,7862,1,0,0,27,0,0,0,0,0,-1,2,0,0,102
508,509,9600,0,0,3,141,0,0,689,0,0,1,1,1,0,0
509,510,9600,0,0,1,991,0,0,0,1,0,-1,0,0,224,88
510,511,14559,0,0,4,650,0,0,0,1,0,0,1,0,324,42
511,512,6792,1,0,2,0,0,0,0,0,0,1,0,0,132,35
512,513,9100,0,0,4,521,0,0,0,1,0,-1,1,0,0,0
513,514,9187,0,0,1,336,0,0,0,0,1,-1,1,0,120,0
514,515,10594,0,0,2,0,1,0,0,0,0,-1,1,0,0,0
515,516,12220,0,0,0,1436,0,0,0,1,1,1,2,0,156,54
516,517,10448,1,0,2,0,0,0,741,0,1,0,0,0,0,104
517,518,10208,1,0,2,0,0,0,1067,0,1,0,0,0,220,0
518,519,9531,1,2,0,706,0,0,914,1,1,-1,0,0,0,36
519,520,10918,0,0,2,0,0,0,804,0,1,1,1,0,0,0
520,521,10800,0,-1,-1,0,1,2,600,0,0,-1,-1,1,220,114
521,522,11988,1,0,3,777,0,2,0,0,1,1,1,0,0,40
522,523,5000,0,0,1,399,0,0,660,0,0,1,1,0,0,24
523,524,40094,1,1,0,2260,0,0,1538,1,1,1,2,0,208,406
524,525,11787,1,0,0,719,0,0,1015,1,1,0,2,0,239,60
525,526,7500,0,0,2,0,0,0,0,0,0,0,1,0,38,144
526,527,13300,0,0,3,377,0,0,0,0,0,-1,1,0,261,0
527,528,14948,1,3,0,1330,0,0,1237,1,1,1,2,0,126,66
528,529,9098,1,2,1,348,0,0,0,1,0,-1,-1,1,0,0
529,530,32668,1,0,3,1219,0,0,0,1,0,0,0,0,0,0
530,531,10200,0,3,0,783,0,0,0,1,0,2,0,0,224,0
531,532,6155,1,2,2,0,0,0,611,0,0,-1,2,0,0,0
532,533,7200,0,-1,-1,0,0,0,0,0,0,4,1,0,0,0
533,534,5000,0,-1,-1,0,1,1,0,0,0,-1,-1,1,0,0
534,535,9056,1,3,2,0,0,0,707,0,1,1,2,0,100,35
535,536,7000,0,1,0,969,0,0,527,1,0,-1,-1,1,85,0
536,537,8924,1,3,2,0,0,0,844,0,1,-1,2,0,120,155
537,538,12735,1,0,4,600,0,0,0,0,0,-1,1,0,216,0
538,539,11553,1,0,4,673,0,0,0,0,1,2,1,0,466,0
539,540,11423,0,3,0,1358,0,0,0,1,0,0,0,0,180,0
540,541,14601,0,3,0,1260,0,0,0,1,0,1,2,0,270,68
541,542,11000,0,0,2,0,0,0,1288,0,1,0,2,0,0,56
542,543,10140,0,0,5,144,0,0,0,1,0,0,2,0,78,73
543,544,4058,0,3,0,584,0,0,0,1,0,-1,2,0,120,40
544,545,17104,1,3,0,554,0,0,832,1,1,1,0,0,100,24
545,546,13837,1,0,0,1002,0,0,806,0,1,-1,1,0,0,0
546,547,8737,1,0,3,300,0,2,720,0,1,1,1,0,0,38
547,548,7244,0,3,1,619,0,0,0,1,0,-1,1,0,104,0
548,549,8235,1,0,5,180,0,0,0,1,0,-1,0,0,140,50
549,550,9375,0,0,2,0,0,0,1182,0,1,1,2,0,182,182
550,551,4043,0,0,1,559,0,0,0,0,0,-1,0,0,0,55
551,552,6000,0,0,3,308,0,2,0,0,0,-1,2,0,0,0
552,553,11146,1,3,2,0,0,0,0,0,0,1,0,0,169,39
553,554,8777,0,-1,-1,0,0,0,0,0,0,-1,2,1,0,96
554,555,10625,0,0,0,866,0,0,1040,1,1,1,0,0,320,62
555,556,6380,0,0,2,0,0,2,0,0,0,1,1,0,0,0
556,557,14850,1,0,3,895,0,2,0,1,0,0,2,0,268,0
557,558,11040,0,0,3,637,0,0,439,0,1,-1,1,0,0,47
558,559,21872,2,1,0,604,0,0,717,0,1,0,1,0,264,22
559,560,3196,0,1,2,0,0,0,0,0,0,0,2,0,143,20
560,561,11341,1,0,1,1302,0,0,0,1,1,1,1,0,0,0
561,562,10010,0,3,1,1071,0,0,0,1,0,0,0,0,240,38
562,563,13907,0,0,4,290,0,0,0,1,0,1,-1,0,144,0
563,564,21780,0,2,2,0,0,0,511,0,0,1,2,1,72,36
564,565,13346,1,0,0,728,0,0,1129,1,1,0,0,0,0,40
565,566,6858,0,0,2,0,1,1,806,1,1,-1,1,0,0,66
566,567,11198,1,0,2,0,0,0,1370,0,1,1,2,0,144,39
567,568,10171,1,0,0,2,0,0,0,0,0,-1,0,0,0,0
568,569,12327,1,1,0,1441,0,0,636,1,1,1,2,0,349,40
569,570,7032,1,1,0,943,0,0,0,1,0,0,1,0,42,0
570,571,13101,1,0,5,231,0,0,0,0,0,-1,1,0,0,0
571,572,7332,0,0,4,414,0,0,0,1,0,-1,1,0,168,0
572,573,13159,1,3,2,0,0,0,846,0,1,-1,0,0,208,114
573,574,9967,1,0,2,0,0,0,656,0,1,0,0,0,100,0
574,575,10500,0,3,1,349,0,0,533,0,0,-1,1,0,35,0
575,576,8480,0,0,3,442,0,0,384,0,0,-1,1,0,158,0
576,577,6292,0,0,2,0,0,0,600,0,0,1,1,0,0,50
577,578,11777,1,3,5,328,0,0,0,1,0,2,0,0,160,68
578,579,3604,0,0,2,0,0,0,689,0,0,-1,1,0,0,102
579,580,12150,0,0,2,0,1,1,745,0,0,-1,1,0,0,0
580,581,14585,1,0,4,594,0,0,0,0,0,1,1,0,216,110
581,582,12704,0,0,2,0,0,0,0,0,1,1,0,0,0,90
582,583,11841,0,3,0,816,0,0,0,1,0,-1,-1,0,0,32
583,584,13500,0,0,2,0,0,0,1254,0,1,1,1,0,105,502
584,585,6120,0,0,2,0,0,0,584,0,0,-1,1,0,0,0
585,586,11443,0,1,0,1460,0,0,0,1,0,1,0,0,326,66
586,587,10267,0,2,3,210,0,0,0,1,0,-1,2,1,0,0
587,588,8740,1,3,1,672,0,0,0,1,0,-1,1,0,0,0
588,589,25095,1,1,0,1324,0,0,0,2,0,1,1,0,0,48
589,590,9100,0,0,2,0,0,2,0,0,0,-1,1,2,0,0
590,591,8320,0,0,0,490,0,0,812,0,1,-1,0,0,0,45
591,592,13478,1,1,0,1338,0,0,568,1,1,1,0,0,382,274
592,593,6600,0,0,0,816,0,0,0,1,0,-1,2,0,0,0
593,594,4435,0,3,0,685,0,0,0,1,0,-1,2,0,140,0
594,595,7990,1,0,2,0,0,0,0,0,0,-1,1,0,0,0
595,596,11302,1,1,0,1422,0,0,0,1,0,0,2,0,180,75
596,597,3600,0,0,2,0,1,2,684,0,0,-1,1,1,0,158
597,598,3922,0,3,2,0,0,0,0,0,2,1,2,0,120,16
598,599,12984,0,2,1,1283,0,0,0,1,0,0,2,0,0,0
599,600,1950,0,0,5,81,0,0,840,1,1,0,2,0,161,0
600,601,10927,0,3,0,546,0,0,846,1,1,1,2,0,179,60
601,602,9000,0,0,2,0,0,0,595,0,1,1,1,2,0,162
602,603,10041,1,2,0,789,0,0,988,1,1,0,2,0,120,150
603,604,3182,0,0,2,0,0,0,600,0,1,-1,0,0,0,172
604,605,12803,1,2,0,922,0,0,0,1,0,0,0,0,192,36
605,606,13600,0,0,4,454,0,0,800,0,1,2,1,0,0,42
606,607,12464,2,0,0,732,0,0,0,1,0,-1,1,0,168,0
607,608,7800,0,0,0,603,0,0,896,1,0,-1,1,0,103,0
608,609,12168,0,2,4,428,0,0,1254,0,1,1,1,0,0,0
609,610,7943,0,2,3,903,0,0,0,1,0,-1,1,0,64,0
610,611,11050,0,2,0,904,0,0,677,1,1,3,2,0,253,142
611,612,10395,1,3,1,605,0,0,0,0,0,0,1,0,0,0
612,613,11885,0,3,0,990,0,0,573,1,1,0,0,0,160,122
613,614,8402,0,0,1,206,0,0,0,0,0,-1,-1,0,0,30
614,615,1491,0,3,5,150,0,0,0,1,0,-1,-1,0,96,24
615,616,8800,0,1,0,763,0,0,0,1,0,-1,0,0,120,0
616,617,7861,1,0,0,457,0,0,702,1,1,1,2,0,100,75
617,618,7227,0,0,2,0,0,0,0,0,0,-1,1,0,0,0
618,619,11694,0,3,0,48,0,0,0,0,0,1,1,0,0,108
619,620,12244,0,1,0,871,0,0,780,1,1,1,2,0,168,0
620,621,8248,0,0,4,41,1,1,0,1,0,-1,-1,1,0,0
621,622,10800,0,0,1,956,0,0,1066,0,1,0,0,0,38,243
622,623,7064,0,0,4,560,0,0,0,0,0,-1,1,0,192,0
623,624,2117,0,0,0,420,0,0,756,0,1,0,1,0,0,32
624,625,10400,0,0,3,247,0,0,778,1,2,0,0,0,148,0
625,626,10000,1,0,2,0,0,0,0,0,1,-1,1,0,0,0
626,627,12342,1,0,2,0,0,0,0,0,0,0,0,0,0,0
627,628,9600,0,3,4,674,0,0,0,1,0,1,0,0,0,0
628,629,11606,1,3,3,650,0,0,1040,0,2,0,1,0,335,0
629,630,9020,0,1,0,624,0,0,0,1,1,-1,0,0,176,0
630,631,9000,0,0,2,0,0,2,661,0,0,-1,1,1,0,0
631,632,4590,0,2,0,24,0,0,0,0,0,1,0,0,156,73
632,633,11900,0,0,1,822,0,0,0,0,0,0,2,0,192,0
633,634,9250,0,0,4,480,0,0,0,0,0,-1,1,0,390,0
634,635,6979,0,0,0,1056,0,0,0,2,0,-1,1,0,264,56
635,636,10896,0,0,5,256,0,2,1440,0,0,-1,-1,1,0,110
636,637,6120,0,0,2,0,1,2,0,0,0,4,-1,1,0,0
637,638,6000,0,0,2,0,0,2,576,0,0,-1,1,0,0,0
638,639,8777,0,0,2,0,0,2,0,0,0,-1,-1,2,328,0
639,640,3982,0,3,0,1154,0,0,0,1,0,1,2,0,312,0
640,641,12677,1,1,0,1218,0,0,0,0,1,1,0,0,185,140
641,642,7050,0,0,0,738,0,0,872,1,1,0,2,0,0,235
642,643,13860,0,1,0,1410,0,0,704,1,1,0,2,0,269,111
643,644,10793,0,0,3,493,0,0,840,0,1,-1,2,0,208,0
644,645,9187,0,2,0,1121,0,0,0,1,1,1,2,0,195,130
645,646,10530,1,0,1,282,0,0,0,1,1,-1,1,0,0,312
646,647,7200,0,-1,-1,0,0,0,0,0,0,-1,1,0,0,27
647,648,10452,1,2,3,500,0,0,0,0,0,1,0,0,0,0
648,649,7700,0,0,2,0,0,0,788,0,1,0,1,0,0,124
649,650,1936,0,3,4,131,0,0,0,1,0,-1,-1,0,0,0
650,651,8125,0,0,2,0,0,0,843,0,1,-1,0,0,0,0
651,652,9084,0,2,2,0,0,0,755,1,0,1,1,2,120,0
652,653,8750,0,0,2,0,0,0,807,0,1,0,0,0,0,120
653,654,10320,0,0,2,0,0,0,713,0,0,-1,1,0,57,0
654,655,10437,1,1,0,1696,0,0,0,1,1,0,2,0,236,46
655,656,1680,0,0,2,0,0,0,567,0,1,-1,1,0,0,0
656,657,10007,1,0,1,806,0,0,0,1,1,-1,0,0,0,0
657,658,7200,0,0,2,0,0,0,651,0,1,1,0,2,0,0
658,659,17503,0,0,2,0,0,0,546,0,0,1,1,0,192,0
659,660,9937,0,0,4,637,0,0,0,1,0,-1,2,0,0,0
660,661,12384,0,0,2,0,0,0,793,0,1,0,0,0,0,113
661,662,46589,2,0,0,1361,0,0,762,1,1,0,0,0,517,76
662,663,13560,0,0,2,0,0,0,0,1,0,0,0,0,0,0
663,664,10012,0,3,4,920,0,0,0,1,0,-1,0,0,0,0
664,665,20896,2,2,0,1721,0,0,0,1,1,3,2,0,192,267
665,666,11194,1,0,2,0,0,0,482,0,1,0,0,0,188,124
666,667,18450,1,0,5,187,0,0,915,0,1,4,1,0,0,265
667,668,8125,0,0,0,1138,0,0,0,1,0,2,0,0,224,42
668,669,14175,0,0,3,988,0,0,0,1,1,0,1,0,304,0
669,670,11600,0,0,2,0,0,0,0,0,0,1,1,0,0,0
670,671,8633,0,0,0,193,0,0,738,1,1,-1,2,0,100,35
671,672,6629,0,0,4,551,1,0,672,1,0,-1,1,0,147,0
672,673,11250,1,0,1,767,0,0,0,1,1,0,0,0,198,42
673,674,14442,0,0,0,1186,0,0,0,1,0,0,2,0,0,87
674,675,9200,0,0,3,892,0,0,0,1,0,1,0,0,426,0
675,676,2289,0,0,1,311,0,0,586,0,1,0,1,0,28,0
676,677,9600,0,0,2,0,1,0,679,1,0,-1,1,1,0,0
677,678,9022,0,0,2,0,0,0,0,0,0,-1,1,1,316,0
678,679,11844,1,2,2,0,0,0,0,0,1,1,2,0,322,82
679,680,9945,1,0,3,827,0,0,0,1,0,-1,1,0,0,0
680,681,8012,0,0,4,543,0,0,0,0,0,0,0,0,80,0
681,682,4500,2,0,3,182,0,0,672,0,0,-1,1,0,0,0
682,683,2887,0,2,0,1003,0,0,0,1,0,1,1,0,307,0
683,684,11248,1,3,0,1059,0,0,0,1,0,0,2,0,257,45
684,685,16770,2,0,2,0,0,0,644,0,1,-1,2,0,0,81
685,686,5062,1,2,0,828,0,0,900,1,0,0,2,0,219,0
686,687,10207,0,0,2,0,0,0,887,0,0,-1,2,0,144,105
687,688,5105,2,0,0,239,0,0,551,0,1,-1,1,0,0,60
688,689,8089,0,3,0,945,0,0,0,1,0,1,0,0,140,0
689,690,7577,1,3,1,20,0,0,0,0,0,1,0,0,192,28
690,691,4426,0,1,0,697,0,0,0,1,0,0,0,0,149,0
691,692,21535,1,1,0,1455,0,0,1872,0,1,3,2,0,382,50
692,693,26178,1,1,0,965,0,0,1281,1,1,1,0,0,320,27
693,694,5400,0,0,2,0,0,0,0,0,0,-1,1,0,0,0
694,695,6120,0,0,2,0,0,0,472,0,1,-1,1,0,112,0
695,696,13811,1,0,0,980,0,0,0,1,0,0,1,0,125,0
696,697,6000,0,0,5,616,0,0,0,0,0,-1,1,0,0,0
697,698,6420,1,2,5,210,0,2,0,0,0,-1,1,0,0,0
698,699,8450,0,0,0,553,0,0,0,1,0,1,1,0,416,144
699,700,4282,2,2,0,16,0,0,0,0,0,-1,0,0,156,158
700,701,14331,0,1,0,1274,0,0,0,1,0,1,2,0,270,78
701,702,9600,0,0,2,0,0,0,0,0,1,-1,1,0,0,0
702,703,12438,1,0,2,0,0,0,1312,0,1,1,2,0,324,100
703,704,7630,0,0,2,0,0,0,780,0,0,4,1,1,344,0
704,705,8400,0,3,0,712,0,0,0,1,0,-1,0,0,0,35
705,706,5600,0,-1,-1,0,1,0,720,0,0,-1,-1,1,0,0
706,707,115149,2,1,0,1219,0,0,0,1,0,0,1,0,380,48
707,708,6240,0,0,0,863,0,0,0,1,0,1,2,0,192,38
708,709,9018,1,3,2,0,0,0,728,0,1,1,2,0,100,24
709,710,7162,1,0,2,0,0,0,0,0,0,-1,1,0,0,0
710,711,4130,1,0,2,0,0,0,0,0,0,-1,-1,1,0,0
711,712,8712,0,2,2,0,0,0,319,0,0,-1,0,1,68,0
712,713,4671,1,2,0,767,0,0,0,1,0,1,2,0,168,120
713,714,9873,0,3,1,789,1,0,0,1,0,-1,1,0,0,288
714,715,13517,1,0,0,533,0,0,754,0,1,-1,0,0,0,44
715,716,10140,0,0,2,0,0,0,0,0,0,0,0,0,0,0
716,717,10800,0,0,2,0,0,0,978,0,1,-1,1,2,0,48
717,718,10000,0,0,4,1084,0,0,0,0,1,2,1,0,224,0
718,719,10542,0,1,0,1173,0,0,1093,1,1,0,0,0,250,154
719,720,9920,1,1,1,523,0,0,0,0,1,4,1,0,0,0
720,721,6563,1,1,0,1148,0,0,0,1,0,0,0,0,114,28
721,722,4426,0,3,0,662,0,0,0,1,0,-1,0,0,160,0
722,723,8120,0,0,1,191,0,0,0,0,0,-1,1,0,0,0
723,724,8172,0,0,2,0,0,0,473,0,0,-1,1,0,0,0
724,725,13286,1,0,0,1234,0,0,0,1,0,1,2,0,327,64
725,726,6960,0,0,1,375,0,0,0,0,0,-1,1,0,96,0
726,727,21695,1,0,0,808,0,0,0,1,0,1,2,0,292,44
727,728,7314,0,3,0,724,0,0,0,1,0,-1,0,0,132,0
728,729,11475,0,0,2,0,0,0,0,1,0,-1,1,0,0,25
729,730,6240,0,0,4,152,0,2,0,0,0,-1,1,0,0,23
730,731,5389,1,0,0,1180,0,0,0,1,0,0,0,0,237,152
731,732,9590,1,3,0,786,0,0,0,1,0,1,2,0,160,22
732,733,11404,1,3,1,252,0,0,878,0,1,0,2,0,192,84
733,734,10000,0,0,4,594,0,0,0,1,0,0,0,0,165,0
734,735,8978,1,0,2,0,0,0,0,0,0,-1,1,0,147,0
735,736,10800,0,2,3,390,1,0,888,0,1,0,1,1,0,341
736,737,8544,0,-1,-1,0,1,1,0,0,0,-1,1,0,0,0
737,738,10463,1,0,2,0,0,0,900,0,1,1,2,0,0,116
738,739,10800,0,1,0,1200,0,0,0,3,0,-1,-1,0,120,0
739,740,9313,1,0,2,0,0,0,864,0,1,-1,0,0,187,56
740,741,9600,0,0,2,0,0,0,664,0,0,-1,1,0,270,0
741,742,6768,1,2,0,832,0,0,0,1,0,-1,1,0,168,0
742,743,8450,0,0,2,0,0,0,0,0,0,-1,1,0,120,55
743,744,12886,1,3,1,444,0,0,0,0,0,0,0,0,302,0
744,745,5395,1,0,0,733,0,0,0,1,0,0,0,0,96,0
745,746,8963,1,0,0,575,0,0,1540,0,1,0,2,0,0,204
746,747,8795,1,0,0,300,0,0,1276,0,1,0,2,0,224,54
747,748,11700,1,0,2,0,1,0,1320,0,1,1,1,1,181,0
748,749,10593,1,0,0,919,0,0,0,1,0,0,2,0,240,56
749,750,8405,0,-1,-1,0,1,1,441,0,0,-1,1,1,92,0
750,751,8800,0,0,2,0,0,0,348,0,0,-1,-1,1,0,160
751,752,7750,0,0,2,0,0,0,660,0,1,-1,2,0,0,48
752,753,9236,1,1,0,1200,0,0,0,1,0,-1,0,0,168,27
753,754,10240,0,2,2,0,0,0,1060,0,1,1,0,0,192,52
754,755,7930,0,0,0,439,0,0,0,1,0,-1,0,0,171,48
755,756,3230,0,0,0,381,0,0,729,0,1,-1,1,0,0,24
756,757,10769,1,3,0,20,0,0,902,0,1,-1,0,0,144,105
757,758,11616,1,2,3,438,0,0,714,0,1,0,2,0,335,0
758,759,2280,0,0,1,549,0,0,744,0,1,-1,1,0,0,0
759,760,12257,1,3,5,56,0,0,1203,0,1,0,0,0,222,98
760,761,9100,0,0,3,612,0,0,0,0,0,-1,1,0,0,0
761,762,6911,0,2,5,405,0,0,0,0,0,-1,1,0,0,0
762,763,8640,0,2,0,24,0,0,783,0,1,-1,1,0,169,45
763,764,9430,0,2,0,1163,0,0,1097,1,1,1,0,0,0,128
764,765,9549,1,3,5,437,0,0,0,1,1,1,2,0,0,30
765,766,14587,1,0,2,0,0,0,0,0,0,1,2,0,0,174
766,767,10421,0,0,0,394,0,0,734,0,1,0,1,0,228,66
767,768,12508,1,2,1,660,0,0,767,1,0,-1,1,0,245,0
768,769,9100,0,0,0,24,0,0,0,0,0,1,2,0,120,33
769,770,53504,2,1,1,1416,0,0,1589,1,1,1,2,0,503,36
770,771,7252,1,3,0,685,0,0,0,1,0,-1,1,0,120,0
771,772,8877,0,0,5,836,0,1,0,0,0,-1,1,0,0,0
772,773,7819,0,3,1,422,0,0,0,1,0,0,1,0,144,0
773,774,10150,0,0,3,456,0,2,0,0,0,-1,0,0,0,0
774,775,14226,0,3,2,0,0,0,0,0,0,1,2,0,315,45
775,776,4500,0,0,0,866,0,0,0,1,0,-1,2,0,0,247
776,777,11210,1,3,0,20,0,0,0,0,0,-1,0,0,144,59
777,778,13350,1,0,1,762,0,0,0,1,0,2,1,0,241,0
778,779,8400,0,-1,-1,0,0,0,0,0,0,0,1,0,0,0
779,780,10530,0,1,0,975,0,0,0,1,0,-1,1,0,0,0
780,781,7875,0,0,2,0,0,0,0,0,0,0,2,0,220,21
781,782,7153,0,0,1,387,0,0,793,0,1,-1,0,0,0,124
782,783,16285,2,0,2,0,0,0,0,0,0,-1,0,0,0,33
783,784,9101,1,3,0,1097,0,0,0,1,0,0,2,0,303,30
784,785,6300,0,0,2,0,0,0,742,0,0,1,-1,0,0,291
785,786,9790,0,0,3,251,0,0,0,0,0,1,1,0,0,0
786,787,10800,0,0,5,686,0,0,686,1,0,-1,1,0,0,0
787,788,10142,1,0,0,656,0,0,1128,1,1,-1,0,0,0,45
788,789,6000,0,0,2,0,0,0,0,0,0,-1,1,0,0,0
789,790,12205,1,1,5,568,0,0,1111,0,1,-1,2,0,133,168
790,791,3182,0,0,0,16,0,0,0,0,0,1,2,0,100,16
791,792,11333,1,3,1,539,0,0,0,1,0,0,0,0,120,0
792,793,9920,1,3,0,862,0,0,886,1,1,0,1,0,180,130
793,794,9158,0,3,2,0,0,0,0,0,0,-1,2,0,168,130
794,795,10832,1,0,2,0,0,0,809,0,1,0,2,0,143,46
795,796,8400,0,0,2,0,0,0,676,0,1,0,1,0,0,50
796,797,8197,0,0,2,0,0,0,0,0,1,0,0,0,138,0
797,798,7677,0,0,4,570,0,0,0,0,0,-1,1,0,0,0
798,799,13518,0,0,2,0,0,0,1174,0,1,1,2,0,144,78
799,800,7200,0,0,1,569,0,0,787,1,1,0,1,0,0,0
800,801,12798,1,1,0,462,0,0,1072,1,1,-1,0,0,403,114
801,802,4800,0,0,5,197,0,2,0,1,0,-1,1,0,0,0
802,803,8199,0,3,0,648,0,0,728,1,1,1,2,0,36,18
803,804,13891,0,1,2,0,0,0,1088,0,1,1,0,0,52,170
804,805,9000,0,0,5,812,0,0,0,0,0,-1,1,0,0,0
805,806,12274,1,0,2,0,0,0,0,0,0,-1,0,0,0,60
806,807,9750,0,3,1,400,0,0,0,0,0,-1,2,0,68,0
807,808,21384,0,1,0,1309,0,0,504,2,1,0,0,0,0,312
808,809,13400,0,3,1,516,0,0,0,1,0,1,0,0,0,0
809,810,8100,0,0,2,0,1,2,1063,0,0,-1,1,1,40,156
810,811,10140,0,0,1,663,0,0,0,1,1,2,0,0,265,0
811,812,4438,0,1,0,662,0,0,0,1,0,1,2,0,140,0
812,813,8712,0,3,2,0,1,2,0,0,0,-1,1,1,0,0
813,814,9750,0,0,3,608,0,0,0,0,1,-1,0,0,0,0
814,815,8248,0,0,2,0,0,0,564,0,1,-1,1,2,207,0
815,816,12137,2,0,2,0,0,0,0,0,0,-1,0,0,0,34
816,817,11425,1,0,4,486,0,0,0,0,0,1,0,0,0,0
817,818,13265,1,0,0,1218,0,0,0,1,0,1,0,0,150,59
818,819,8816,0,3,0,504,0,0,0,1,0,-1,1,0,0,0
819,820,6371,1,2,0,733,0,0,0,1,0,1,0,0,192,35
820,821,7226,1,0,2,0,0,0,842,0,1,-1,0,0,0,45
821,822,6000,0,0,2,0,1,0,0,0,0,-1,1,0,0,32
822,823,12394,1,1,2,0,0,0,886,0,1,1,2,0,100,48
823,824,9900,0,0,2,0,0,0,545,0,0,1,1,0,335,0
824,825,11216,0,0,2,0,0,0,0,0,0,1,0,0,0,140
825,826,14803,0,3,0,1636,0,0,0,1,0,1,2,0,188,45
826,827,6130,0,0,1,784,0,0,0,1,0,-1,-1,0,0,0
827,828,8529,1,0,0,20,0,0,0,0,0,0,0,0,290,39
828,829,28698,2,1,5,249,0,0,966,0,1,-1,2,0,486,0
829,830,2544,0,0,2,0,0,0,623,0,1,-1,0,0,0,166
830,831,11900,1,0,3,1040,0,2,0,1,1,1,0,0,0,0
831,832,3180,0,0,2,0,0,0,600,0,1,-1,0,0,0,166
832,833,9548,1,0,0,483,0,0,888,1,1,0,0,0,192,39
833,834,10004,0,0,3,196,0,0,0,0,1,-1,0,0,0,0
834,835,7875,0,0,3,572,0,0,0,1,0,-1,1,0,0,0
835,836,9600,0,0,4,442,0,0,0,0,0,-1,1,0,290,0
836,837,8100,0,0,3,338,0,0,0,1,0,-1,1,0,0,116
837,838,1680,0,0,4,330,0,0,504,1,1,-1,1,0,0,0
838,839,9525,0,0,2,0,0,0,0,0,1,-1,1,0,278,0
839,840,11767,0,0,4,352,0,0,432,0,0,-1,1,0,0,0
840,841,12155,1,0,4,156,1,0,672,0,0,-1,1,2,0,0
841,842,10440,0,0,2,0,0,0,581,0,0,4,1,2,70,78
842,843,9020,0,1,3,312,0,0,0,1,1,-1,0,0,0,129
843,844,8000,0,0,2,0,1,0,0,0,0,-1,-1,0,0,0
844,845,12665,1,2,2,0,0,0,540,0,1,1,1,0,418,0
845,846,16647,1,1,1,1390,0,0,0,1,0,0,2,0,0,0
846,847,9317,0,0,1,513,0,0,769,1,1,0,1,0,234,72
847,848,15523,1,3,4,460,0,0,0,1,0,2,1,0,0,0
848,849,45600,2,0,2,0,0,0,1051,0,0,1,1,0,486,40
849,850,9600,0,0,2,0,0,0,761,0,1,0,0,0,113,100
850,851,4435,0,3,0,659,0,0,0,1,0,-1,2,0,140,0
851,852,3196,0,1,2,0,0,0,0,0,0,0,2,0,143,20
852,853,7128,0,0,3,364,0,0,728,0,0,1,1,0,0,0
853,854,12095,1,1,3,564,0,0,0,0,1,2,0,0,180,0
854,855,17920,0,2,1,306,0,0,0,1,1,1,1,0,0,418
855,856,6897,1,0,1,659,0,0,0,1,1,-1,1,0,0,104
856,857,10970,1,1,0,505,0,0,0,1,0,-1,1,0,0,0
857,858,8125,0,0,2,0,0,0,779,0,1,0,2,0,0,36
858,859,10400,0,0,2,0,0,0,0,0,0,0,0,0,0,0
859,860,11029,1,2,4,619,0,0,1142,1,1,1,1,0,0,65
860,861,7642,0,0,2,0,0,0,514,0,1,1,1,0,0,240
861,862,11625,0,2,4,841,0,0,0,1,1,-1,1,0,0,0
862,863,9672,0,0,0,338,0,0,0,0,0,-1,1,0,0,0
863,864,7931,0,0,4,1148,0,0,0,1,0,-1,1,0,0,0
864,865,8640,0,0,2,0,0,0,0,0,0,-1,2,0,0,140
865,866,8750,1,0,4,828,0,0,0,1,0,-1,1,0,0,0
866,867,10656,1,3,2,0,0,0,0,0,0,1,0,0,192,80
867,868,6970,0,0,1,932,0,0,0,1,1,-1,0,0,168,0
868,869,14762,2,-1,-1,0,0,0,720,0,0,0,1,2,120,144
869,870,9938,0,0,0,750,0,0,887,1,1,0,2,0,156,90
870,871,6600,0,0,2,0,1,0,0,0,0,-1,1,0,0,0
871,872,8750,0,0,0,505,0,0,878,0,1,-1,0,0,0,77
872,873,8892,0,3,2,0,0,0,0,0,0,-1,1,0,196,0
873,874,12144,0,0,3,375,0,0,0,0,0,1,1,0,0,28
874,875,5720,0,0,2,0,0,0,455,0,1,-1,1,0,26,0
875,876,9000,0,3,0,64,0,0,1426,0,1,1,2,0,208,364
876,877,25286,0,1,1,633,0,0,0,1,0,-1,1,0,0,0
877,878,8834,0,0,0,1170,0,0,762,1,1,1,2,0,184,0
878,879,11782,1,3,1,899,0,0,0,1,0,-1,1,0,192,0
879,880,7000,1,0,1,646,0,0,0,1,0,-1,1,0,0,0
880,881,7024,0,0,1,980,0,0,0,1,1,-1,2,0,0,49
881,882,13758,1,2,5,902,0,0,530,0,1,0,0,0,168,36
882,883,9636,1,0,2,0,0,0,785,0,1,0,0,0,342,40
883,884,6204,0,0,2,0,1,0,795,1,0,-1,1,0,0,188
884,885,7150,0,0,4,432,0,0,0,0,0,-1,0,0,0,0
885,886,5119,1,3,0,1238,0,0,0,1,0,0,2,0,97,65
886,887,8393,0,0,5,528,0,0,0,0,0,-1,2,0,272,54
887,888,16466,1,0,2,0,0,0,521,0,1,-1,1,0,121,0
888,889,15865,1,1,1,351,0,0,0,1,0,0,1,0,81,207
889,890,12160,0,0,4,1024,0,0,0,1,0,0,0,0,0,0
890,891,8064,0,2,2,0,0,0,252,0,0,4,1,0,0,0
891,892,11184,0,0,5,226,0,0,765,0,1,0,0,0,243,0
892,893,8414,0,0,0,663,0,0,0,0,0,-1,0,0,192,0
893,894,13284,0,2,4,1064,0,0,0,1,0,1,1,0,511,116
894,895,7018,0,-1,-1,0,0,0,0,0,0,-1,1,0,0,0
895,896,7056,0,0,4,400,0,0,813,1,1,0,0,0,0,50
896,897,8765,0,0,1,285,1,0,0,0,0,-1,1,0,0,28
897,898,7018,0,-1,-1,0,0,0,1120,0,0,-1,1,0,154,0
898,899,12919,1,1,0,2188,0,0,0,1,1,1,2,0,0,67
899,900,6993,0,0,4,465,0,0,0,0,0,0,1,0,0,0
900,901,7340,1,0,1,322,0,0,0,0,0,-1,1,0,0,0
901,902,8712,1,2,4,860,0,0,0,1,0,-1,1,0,0,0
902,903,7875,0,0,2,0,0,0,702,0,1,1,2,0,0,75
903,904,14859,1,0,2,0,0,0,0,0,0,1,0,0,144,60
904,905,6173,1,0,0,599,0,0,0,0,0,-1,1,0,0,0
905,906,9920,0,0,3,354,0,0,0,1,0,-1,0,0,0,0
906,907,13501,1,0,0,63,0,0,0,1,0,1,0,0,0,60
907,908,11500,1,0,3,223,0,0,1037,0,1,1,2,0,0,0
908,909,8885,1,3,4,301,0,0,0,1,0,-1,1,0,164,0
909,910,12589,2,0,2,0,0,0,742,0,1,1,2,0,36,24
910,911,11600,0,0,3,443,0,2,1169,0,0,-1,1,0,0,0
911,912,9286,1,3,1,196,0,0,0,0,1,-1,1,0,173,0
912,913,6120,0,0,3,489,1,0,0,0,0,-1,1,0,0,0
913,914,6270,0,0,4,284,1,2,1001,0,0,-1,1,0,0,0
914,915,3000,0,3,0,294,0,0,612,0,1,-1,0,0,0,234
915,916,2001,0,0,2,0,0,0,546,0,1,-1,1,0,0,0
916,917,9000,0,3,4,50,1,2,0,1,0,-1,1,0,0,0
917,918,17140,0,0,1,1059,0,2,0,0,0,-1,0,0,0,0
918,919,13125,1,2,4,48,0,0,1215,1,1,0,0,0,72,192
919,920,11029,1,0,1,528,0,0,0,1,0,0,1,0,0,51
920,921,8462,1,0,0,814,0,0,785,0,1,-1,0,0,300,87
921,922,8777,0,0,1,1084,0,0,928,2,2,-1,-1,1,0,70
922,923,10237,0,0,0,28,0,0,0,0,0,1,2,0,100,0
923,924,8012,0,0,5,165,0,0,0,1,0,2,0,0,0,69
924,925,10240,0,0,4,625,0,0,0,1,0,0,1,0,384,131
925,926,15611,1,3,1,767,0,0,0,0,0,-1,0,0,180,0
926,927,11999,0,0,2,0,0,0,1140,0,1,1,2,0,104,100
927,928,9900,0,0,4,552,0,0,880,0,1,1,0,0,0,43
928,929,11838,0,3,2,0,0,0,0,0,0,0,0,0,202,151
929,930,13006,1,0,2,0,0,0,1243,0,1,0,2,0,0,0
930,931,8925,1,3,0,16,0,0,0,0,0,-1,2,0,100,18
931,932,9100,0,0,4,338,0,0,0,0,0,-1,1,0,0,0
932,933,11670,1,0,2,0,0,0,0,0,0,1,2,0,0,191
933,934,8487,0,3,0,20,0,0,0,0,0,-1,0,0,192,36
934,935,27650,2,1,0,425,0,0,0,1,0,1,0,0,0,0
935,936,5825,1,2,2,0,0,0,0,0,0,-1,1,0,0,0
936,937,10083,0,0,0,833,0,0,0,1,0,-1,0,0,0,41
937,938,9675,0,2,0,341,0,0,858,0,1,1,0,0,0,48
938,939,8760,0,2,0,464,0,0,571,0,1,-1,0,0,0,90
939,940,24090,0,2,2,0,0,0,1196,0,0,0,1,0,56,0
940,941,12640,1,1,3,936,0,0,0,0,0,-1,1,0,40,0
941,942,8755,1,0,1,772,0,0,1038,1,1,0,0,0,0,0
942,943,7711,1,1,0,1440,0,0,0,2,0,-1,-1,1,321,0
943,944,25000,0,3,2,0,0,0,0,0,0,-1,1,2,0,0
944,945,14375,1,0,0,111,0,2,0,0,0,1,0,0,0,118
945,946,8820,0,0,5,1088,0,0,561,0,0,-1,1,0,48,0
946,947,8163,0,3,1,748,0,0,0,1,0,0,0,0,86,0
947,948,14536,0,3,0,1300,0,0,0,1,0,1,2,0,0,252
948,949,14006,1,-1,2,0,0,0,840,0,1,0,0,0,144,96
949,950,9360,0,0,1,982,0,0,0,1,1,0,0,0,0,0
950,951,7200,0,0,1,398,0,0,0,1,0,-1,0,0,194,0
951,952,7800,0,0,4,641,0,0,0,1,0,-1,1,0,421,0
952,953,7200,0,3,0,660,0,0,0,0,0,-1,2,0,192,0
953,954,11075,1,3,1,562,0,0,800,0,1,4,0,0,305,189
954,955,9400,1,1,0,945,0,0,0,0,0,-1,-1,0,0,0
955,956,7136,1,0,3,484,1,1,979,0,0,-1,1,0,0,0
956,957,1300,0,0,1,285,0,0,668,0,1,0,2,0,150,0
957,958,7420,0,0,3,417,0,0,0,0,0,-1,2,0,0,0
958,959,8450,0,2,0,699,0,0,0,1,0,-1,0,0,0,39
959,960,2572,0,0,1,604,0,0,720,1,1,-1,1,0,0,44
960,961,7207,1,1,4,696,0,0,0,1,0,-1,-1,0,117,0
961,962,12227,1,0,1,896,0,0,1330,1,1,0,2,0,550,282
962,963,2308,0,0,1,556,0,0,744,1,1,0,1,0,48,0
963,964,11923,1,0,2,0,0,0,0,0,0,-1,2,0,288,136
964,965,11316,0,0,0,624,0,0,1070,1,1,1,2,0,0,40
965,966,10237,0,0,2,0,0,0,701,0,1,1,2,0,0,72
966,967,9600,1,0,3,428,0,0,332,1,1,0,1,0,0,70
967,968,7390,1,0,1,902,0,0,0,1,0,-1,1,0,0,0
968,969,5925,0,0,2,0,1,0,368,0,0,-1,-1,0,0,0
969,970,10382,0,1,1,513,0,0,0,1,0,-1,0,0,0,0
970,971,10800,0,0,2,0,1,2,472,0,1,-1,-1,0,0,0
971,972,2268,0,0,0,567,0,0,862,0,0,-1,0,0,0,27
972,973,7892,0,0,2,0,0,0,0,0,0,0,1,0,28,0
973,974,11639,0,0,2,0,0,0,0,0,0,-1,2,0,0,120
974,975,11414,1,0,2,0,1,0,883,0,0,-1,1,0,509,135
975,976,2651,0,0,0,641,0,0,709,1,1,-1,1,0,153,50
976,977,5900,1,0,2,0,0,2,0,0,0,-1,-1,0,0,0
977,978,4274,1,0,0,1106,0,0,0,1,1,-1,2,0,0,116
978,979,9450,0,0,5,552,0,0,0,0,0,-1,1,0,0,0
979,980,8816,0,0,3,651,0,0,0,1,0,-1,1,0,0,80
980,981,12122,1,3,1,867,0,0,0,1,0,-1,0,0,144,76
981,982,12203,1,0,0,854,0,0,1336,1,1,0,2,0,250,0
982,983,3182,0,3,2,0,0,0,0,0,0,1,2,0,100,16
983,984,11250,0,2,2,0,0,0,1141,0,1,1,1,0,0,0
984,985,10125,0,-1,-1,0,0,0,432,0,0,-1,1,0,0,0
985,986,10880,0,0,1,1040,1,0,0,1,0,-1,1,0,0,48
986,987,5310,0,0,2,0,0,0,634,0,0,-1,1,0,394,0
987,988,10159,1,3,0,1646,0,0,0,1,1,1,2,0,168,95
988,989,12046,1,0,5,156,0,0,912,0,1,0,2,0,0,224
989,990,8125,0,0,2,0,0,0,798,0,1,-1,0,0,0,50
990,991,9452,0,0,0,1074,0,0,985,1,1,0,2,0,0,70
991,992,17671,0,0,4,216,0,0,826,0,1,1,1,2,0,169
992,993,9760,0,1,4,536,0,0,831,0,1,2,0,0,239,42
993,994,8846,0,0,2,0,0,0,750,0,1,-1,0,0,0,35
994,995,12456,0,1,0,1172,0,0,0,1,0,1,2,0,216,48
995,996,4712,1,0,1,384,0,0,456,1,1,-1,1,0,0,57
996,997,10659,1,0,3,915,0,0,0,1,0,-1,1,0,0,319
997,998,11717,1,0,2,0,0,0,0,0,0,0,0,0,371,0
998,999,9786,0,0,2,0,1,0,0,0,0,1,1,2,0,100
999,1000,6762,0,3,0,686,0,0,0,1,0,-1,0,0,105,61
1000,1001,10206,0,-1,-1,0,1,1,0,0,0,-1,1,0,0,0
1001,1002,5400,0,0,2,0,0,2,0,0,0,-1,1,1,0,20
1002,1003,11957,1,0,0,24,0,0,0,0,0,1,0,0,144,104
1003,1004,11500,1,0,2,0,0,0,0,0,0,-1,1,0,0,0
1004,1005,3182,0,0,0,16,0,0,0,0,0,1,2,0,156,0
1005,1006,8385,0,3,0,595,0,0,0,0,0,-1,1,0,210,0
1006,1007,12155,3,0,5,1237,0,0,0,0,0,0,1,0,0,0
1007,1008,2217,0,0,4,273,0,0,546,0,1,-1,0,0,238,0
1008,1009,12118,1,2,2,0,0,0,0,0,0,1,2,0,100,48
1009,1010,6000,0,0,2,0,0,0,0,0,0,-1,-1,2,0,0
1010,1011,21286,0,0,2,0,0,0,551,0,0,1,1,0,0,0
1011,1012,9825,0,-1,-1,0,1,0,0,0,0,-1,-1,0,0,0
1012,1013,10592,0,0,2,0,0,0,602,0,1,0,1,0,96,0
1013,1014,7200,0,0,1,247,1,0,0,1,0,-1,1,0,0,30
1014,1015,11664,0,0,4,336,0,0,0,0,0,1,1,0,0,130
1015,1016,8400,0,0,0,643,0,0,855,1,1,-1,2,0,0,45
1016,1017,11883,0,1,0,690,0,0,0,1,0,0,2,0,115,66
1017,1018,5814,1,3,0,1036,0,0,0,1,0,3,0,0,63,0
1018,1019,10784,1,0,2,0,0,0,670,0,1,0,0,0,164,0
1019,1020,3013,0,1,0,16,0,0,0,0,0,1,2,0,142,20
1020,1021,7024,0,0,0,1024,0,0,0,1,1,-1,2,0,252,64
1021,1022,7406,0,3,0,684,0,0,0,1,0,-1,0,0,105,54
1022,1023,9439,0,0,5,324,0,2,336,0,0,-1,1,0,0,0
1023,1024,3182,0,0,0,16,0,0,0,0,0,1,2,0,156,20
1024,1025,15498,1,3,1,1165,0,0,0,1,0,1,2,0,0,72
1025,1026,7700,0,0,5,138,0,0,0,1,0,-1,1,0,96,0
1026,1027,9300,0,0,3,697,0,0,0,1,0,1,1,0,0,0
1027,1028,9520,1,1,0,1513,0,0,0,1,0,1,0,0,192,44
1028,1029,9492,0,0,3,368,0,0,408,1,0,1,1,0,0,0
1029,1030,1680,0,0,4,317,0,0,546,0,1,-1,1,0,0,28
1030,1031,7082,0,2,2,0,0,0,980,0,0,-1,-1,1,0,0
1031,1032,15863,0,0,0,523,0,0,998,1,1,0,2,0,136,63
1032,1033,14541,1,0,0,1012,0,0,1168,1,1,0,0,0,209,55
1033,1034,8125,0,0,0,986,0,0,0,1,0,-1,1,0,0,136
1034,1035,6305,0,0,2,0,0,0,0,0,0,1,1,0,0,0
1035,1036,11500,1,-1,-1,0,1,0,0,0,0,-1,1,1,186,0
1036,1037,12898,1,1,0,1022,0,0,0,1,0,3,2,0,228,0
1037,1038,9240,0,0,2,0,0,0,1208,0,1,0,2,0,0,45
1038,1039,1533,0,0,2,0,0,0,546,0,1,0,-1,0,0,0
1039,1040,1477,0,3,0,509,0,0,0,1,0,-1,1,0,0,0
1040,1041,13125,0,0,3,168,0,0,0,1,0,0,0,0,0,0
1041,1042,9130,0,0,0,400,0,0,832,0,1,-1,1,0,0,40
1042,1043,5381,1,3,1,900,0,0,0,1,0,1,0,0,170,63
1043,1044,11839,0,0,0,1085,0,0,797,1,1,3,1,0,192,121
1044,1045,9600,0,0,1,1104,0,0,0,1,1,1,2,0,474,120
1045,1046,13680,1,-1,-1,0,0,2,0,0,0,1,1,0,0,0
1046,1047,16056,1,3,0,240,0,0,876,0,1,1,2,0,214,108
1047,1048,9245,2,0,0,686,0,0,0,0,0,-1,1,0,0,0
1048,1049,21750,0,-1,-1,0,0,0,0,0,0,0,1,0,0,0
1049,1050,11100,0,-1,-1,0,0,0,0,0,0,-1,1,0,0,0
1050,1051,8993,1,3,2,0,0,0,0,0,0,-1,2,0,0,22
1051,1052,11175,1,3,2,0,0,0,0,0,0,1,2,0,0,20
1052,1053,9500,0,0,3,442,0,0,850,0,1,0,0,0,0,52
1053,1054,8562,0,3,3,383,0,2,0,0,0,1,1,0,116,78
1054,1055,11367,0,2,0,932,0,0,898,1,1,1,2,0,199,60
1055,1056,11361,0,0,1,644,0,0,0,0,0,0,2,0,0,0
1056,1057,7052,1,3,0,659,0,0,0,1,0,1,0,0,192,36
1057,1058,29959,2,0,0,595,0,0,871,0,1,1,2,0,168,98
1058,1059,11308,1,3,0,936,0,0,1054,1,1,1,2,0,0,102
1059,1060,11275,1,2,3,297,0,0,895,0,1,1,1,0,0,0
1060,1061,4920,0,2,0,616,0,0,0,1,0,-1,2,0,0,0
1061,1062,18000,0,0,2,0,0,0,0,0,0,-1,0,0,0,20
1062,1063,13600,0,0,2,0,1,0,915,0,0,-1,1,0,0,57
1063,1064,6000,0,0,4,397,0,0,0,0,0,1,1,0,166,120
1064,1065,11000,1,2,4,740,0,0,0,0,1,4,0,0,0,58
1065,1066,14000,0,1,0,1201,0,0,954,1,1,-1,0,0,296,44
1066,1067,7837,1,0,2,0,0,0,772,0,1,0,0,0,0,40
1067,1068,9760,0,1,0,674,0,0,813,1,1,-1,0,0,328,128
1068,1069,3964,0,0,1,837,0,0,1230,1,1,1,2,0,728,20
1069,1070,9600,0,0,1,220,0,0,0,0,0,-1,1,0,0,0
1070,1071,10152,0,0,4,586,0,0,0,1,0,-1,1,0,0,20
1071,1072,11700,0,0,3,298,0,0,727,0,1,-1,1,0,0,0
1072,1073,7585,0,2,2,0,0,2,454,1,0,0,1,2,0,0
1073,1074,7950,1,0,4,535,0,0,728,0,1,-1,2,0,252,0
1074,1075,8556,0,3,2,0,0,0,0,0,0,-1,0,0,140,93
1075,1076,13125,0,0,4,410,0,0,780,0,1,1,1,0,0,0
1076,1077,10800,0,0,1,626,0,0,370,0,0,0,1,0,436,21
1077,1078,15870,1,2,4,75,0,0,0,1,0,-1,2,0,240,32
1078,1079,4435,0,2,0,662,0,0,0,1,0,1,0,0,140,0
1079,1080,8775,0,0,0,495,0,0,0,0,0,-1,1,0,0,64
1080,1081,11040,0,0,1,656,0,0,0,0,0,-1,0,0,55,0
1081,1082,7500,0,0,1,824,0,0,0,1,1,-1,2,0,0,0
1082,1083,8749,0,0,2,0,0,0,0,0,0,1,0,0,192,39
1083,1084,8800,0,0,4,553,0,0,0,1,0,1,0,0,0,116
1084,1085,13031,2,0,1,592,0,0,807,0,1,0,2,0,315,44
1085,1086,9069,0,3,0,747,0,0,0,1,0,-1,1,0,120,0
1086,1087,1974,0,0,4,334,0,0,546,0,1,-1,0,0,120,96
1087,1088,10574,0,2,2,0,0,0,871,0,1,1,0,0,160,50
1088,1089,2522,0,0,2,0,0,0,739,0,0,-1,1,0,0,40
1089,1090,3316,1,0,0,1039,0,0,0,1,1,1,2,0,0,84
1090,1091,8544,0,-1,-1,0,1,2,0,0,0,-1,1,0,0,0
1091,1092,2160,0,0,4,510,0,0,628,1,1,-1,1,0,0,48
1092,1093,8400,0,0,3,423,0,0,304,0,0,1,1,0,342,0
1093,1094,9230,0,2,0,661,0,0,0,1,1,-1,1,0,0,64
1094,1095,5868,0,0,4,248,0,0,0,1,0,-1,2,0,0,0
1095,1096,9317,1,0,0,24,0,0,0,0,0,1,0,0,0,22
1096,1097,6882,0,0,2,0,0,0,582,0,1,-1,-1,0,136,0
1097,1098,3696,0,0,2,0,0,0,0,0,1,-1,0,0,0,74
1098,1099,6000,0,0,4,672,0,0,567,0,0,-1,1,0,0,0
1099,1100,11880,1,0,1,704,0,0,0,0,0,0,0,0,0,0
1100,1101,8400,0,0,3,290,1,1,0,0,0,-1,1,1,0,0
1101,1102,9758,1,0,4,412,0,0,0,0,0,-1,1,0,0,0
1102,1103,7000,0,0,3,588,0,0,0,0,0,-1,0,0,0,16
1103,1104,8910,0,2,1,655,0,0,0,0,0,2,2,0,0,0
1104,1105,2016,0,0,2,0,0,0,672,0,1,-1,1,0,0,0
1105,1106,12256,1,3,0,1032,0,0,1122,1,1,0,0,0,186,32
1106,1107,10357,1,2,0,738,0,0,0,1,0,0,2,0,0,244
1107,1108,23257,3,0,2,0,0,0,1134,0,1,1,0,0,0,100
1108,1109,8063,0,0,2,0,0,0,742,0,1,0,0,0,100,48
1109,1110,11362,1,2,0,1039,0,0,0,1,0,1,2,0,125,185
1110,1111,8000,0,0,0,219,0,0,885,1,1,0,2,0,224,84
1111,1112,10480,0,0,1,403,0,0,866,0,1,1,0,0,0,69
1112,1113,7100,1,0,0,708,0,2,0,1,0,-1,1,0,0,0
1113,1114,8923,0,0,4,643,0,0,0,1,0,-1,1,0,0,18
1114,1115,5400,0,0,3,415,0,0,0,0,0,-1,1,0,0,0
1115,1116,12085,0,0,0,1004,0,0,0,1,0,1,0,0,0,0
1116,1117,7750,0,0,0,353,0,0,640,1,1,0,2,0,120,0
1117,1118,9764,1,0,4,702,0,0,0,1,0,-1,0,0,0,0
1118,1119,13825,0,0,2,0,0,0,580,0,0,-1,0,0,280,34
1119,1120,7560,0,0,5,369,0,2,0,0,0,-1,0,0,140,0
1120,1121,8263,0,0,2,0,0,2,0,0,0,1,1,0,0,22
1121,1122,10084,0,3,0,24,0,0,0,0,0,-1,0,0,144,20
1122,1123,8926,1,0,2,0,0,2,0,0,0,-1,1,0,64,0
1123,1124,9405,0,0,2,0,0,0,0,0,0,-1,-1,0,0,200
1124,1125,9125,1,0,2,0,0,0,670,0,1,0,2,0,100,25
1125,1126,10434,0,0,2,0,0,0,0,0,0,0,1,0,0,0
1126,1127,3684,0,0,2,0,0,0,0,0,0,0,2,0,143,20
1127,1128,14572,3,3,0,1300,0,0,0,1,0,1,2,0,144,36
1128,1129,11796,1,3,2,0,0,0,1112,0,1,1,2,0,100,48
1129,1130,7200,0,1,0,936,0,0,0,1,0,-1,1,0,49,0
1130,1131,7804,0,0,4,622,0,0,653,1,0,0,1,0,431,44
1131,1132,10712,0,2,4,212,0,0,0,0,0,-1,-1,0,0,28
1132,1133,9900,0,2,2,0,0,0,1032,0,0,-1,1,1,0,48
1133,1134,9828,1,0,0,584,0,0,878,0,1,0,0,0,0,155
1134,1135,8773,1,3,2,0,0,0,684,0,1,0,2,0,100,38
1135,1136,6180,0,0,2,0,1,0,0,0,0,1,1,0,0,128
1136,1137,9600,0,0,4,280,0,2,220,0,0,-1,1,0,0,0
1137,1138,6342,0,0,2,0,1,0,240,0,0,-1,-1,1,0,0
1138,1139,9819,1,1,1,1567,0,0,0,1,0,0,0,0,264,32
1139,1140,8731,1,0,4,645,0,0,0,0,0,1,1,0,0,0
1140,1141,7350,0,2,1,852,0,0,0,1,0,-1,1,0,0,0
1141,1142,10304,1,0,1,381,0,0,780,1,1,0,1,0,448,96
1142,1143,9965,0,1,0,1150,0,0,1362,1,0,0,0,0,125,144
1143,1144,9000,0,0,0,288,0,0,0,0,0,-1,-1,0,0,24
1144,1145,12180,0,0,4,348,1,2,252,1,0,-1,1,0,0,0
1145,1146,6240,0,0,2,0,0,0,534,0,0,1,1,0,0,0
1146,1147,11200,0,0,0,1258,0,0,0,1,0,0,1,0,165,26
1147,1148,12000,0,0,3,275,0,0,704,0,1,1,1,0,0,0
1148,1149,5700,0,0,2,0,0,0,539,0,0,1,1,0,0,0
1149,1150,9000,0,0,1,624,0,0,650,0,0,-1,1,0,0,0
1150,1151,8280,1,0,2,0,0,2,0,0,0,1,1,0,0,0
1151,1152,17755,0,0,4,176,0,0,0,0,1,1,2,0,0,140
1152,1153,14115,1,0,1,296,0,0,0,0,0,1,2,0,0,0
1153,1154,5890,0,3,1,538,0,0,0,0,0,-1,1,0,0,0
1154,1155,13700,1,1,1,454,0,0,918,0,2,1,1,0,60,84
1155,1156,10768,1,1,1,1157,0,0,0,1,0,2,0,0,0,21
1156,1157,9350,0,1,1,633,0,0,0,0,0,1,0,0,0,92
1157,1158,5001,1,0,0,904,0,0,0,1,0,1,0,0,172,62
1158,1159,11932,0,0,2,0,0,0,0,0,0,-1,0,0,0,24
1159,1160,9120,0,0,1,442,0,0,933,0,1,0,0,0,0,69
1160,1161,2280,0,0,1,311,0,0,601,0,1,0,1,0,26,0
1161,1162,14778,1,0,4,728,0,0,0,1,0,1,1,0,108,0
1162,1163,8724,0,0,4,492,0,0,0,0,0,4,2,0,0,0
1163,1164,12900,0,3,0,1198,0,0,0,2,2,-1,1,0,120,0
1164,1165,16157,1,1,1,680,0,0,0,1,1,0,1,0,168,180
1165,1166,9541,1,0,2,0,0,0,0,0,0,-1,0,0,0,114
1166,1167,10475,1,3,2,0,0,0,0,0,0,-1,0,0,160,33
1167,1168,10852,1,0,0,786,0,0,712,1,1,0,2,0,0,38
1168,1169,13728,0,0,3,626,0,0,872,0,0,0,1,0,0,0
1169,1170,35760,1,1,0,1387,0,0,1796,1,1,0,2,0,361,76
1170,1171,9880,0,3,1,522,0,0,0,1,0,4,2,0,203,0
1171,1172,9120,0,0,1,662,0,0,0,1,0,0,0,0,0,0
1172,1173,4017,1,0,2,0,0,0,625,0,1,-1,2,0,0,54
1173,1174,18030,1,0,3,152,0,0,971,0,0,1,-1,0,122,0
1174,1175,16560,1,0,3,503,0,0,1175,0,1,1,1,0,0,0
1175,1176,10678,0,0,0,700,0,0,743,0,1,0,2,0,0,33
1176,1177,6951,1,0,1,658,0,0,0,1,0,-1,1,0,362,0
1177,1178,3950,0,0,3,468,0,0,406,0,0,-1,1,1,0,0
1178,1179,7681,1,0,2,0,0,0,523,0,1,1,1,0,192,0
1179,1180,8335,0,-1,-1,0,0,0,0,0,0,1,-1,1,0,36
1180,1181,11170,2,0,5,1216,0,0,1216,0,1,-1,2,0,0,0
1181,1182,5587,1,1,0,1480,0,0,0,1,0,1,2,0,162,53
1182,1183,15623,1,3,0,2096,0,0,2065,1,1,0,2,0,171,78
1183,1184,10800,0,0,3,821,0,0,0,1,0,1,1,0,229,0
1184,1185,35133,0,1,3,1159,0,0,0,1,1,0,0,0,0,263
1185,1186,9738,0,0,4,392,0,0,272,1,0,-1,1,0,0,0
1186,1187,10615,1,2,4,440,0,0,685,1,0,-1,1,0,0,74
1187,1188,12461,0,0,0,1456,0,0,0,1,0,2,0,0,0,114
1188,1189,8935,1,0,2,0,0,0,829,0,1,-1,0,0,144,68
1189,1190,7500,0,0,2,0,0,0,776,0,1,0,2,0,140,60
1190,1191,32463,0,3,4,1159,0,0,0,1,0,0,2,0,439,0
1191,1192,2645,0,0,2,0,0,0,677,0,1,-1,1,0,206,0
1192,1193,9600,0,2,2,0,0,0,630,0,0,-1,1,2,0,0
1193,1194,4500,0,0,0,883,0,0,0,1,0,-1,2,0,0,304
1194,1195,9364,0,0,1,371,0,0,689,0,1,-1,2,0,379,36
1195,1196,8029,1,0,2,0,0,0,728,0,1,-1,2,0,100,24
1196,1197,14054,1,3,2,0,0,0,984,0,1,1,2,0,100,17
1197,1198,8850,1,0,2,0,0,0,875,0,0,1,1,0,0,0
1198,1199,9100,0,0,2,0,0,0,0,0,0,-1,0,0,356,0
1199,1200,11235,0,0,3,547,0,0,0,0,1,4,1,0,0,82
1200,1201,9353,0,0,2,0,0,0,0,0,0,-1,1,0,0,0
1201,1202,10400,0,3,2,0,0,0,913,0,1,-1,0,0,198,36
1202,1203,6000,0,0,2,0,0,0,464,1,0,2,1,1,0,0
1203,1204,9750,0,0,2,0,0,0,0,0,0,0,1,0,74,234
1204,1205,10140,0,0,1,788,0,0,0,1,1,-1,0,0,0,88
1205,1206,14684,1,2,1,485,0,0,0,0,0,0,0,0,84,70
1206,1207,8900,0,0,3,1056,0,0,0,1,0,-1,1,0,0,42
1207,1208,9135,0,3,0,340,0,0,0,1,0,-1,0,0,192,23
1208,1209,7763,0,0,3,504,0,0,0,1,0,-1,1,0,0,0
1209,1210,10182,1,2,0,1220,0,0,0,1,0,1,0,0,322,50
1210,1211,11218,0,0,2,0,0,0,790,0,1,0,0,0,635,104
1211,1212,12134,1,3,0,427,0,0,672,0,0,-1,0,0,325,12
1212,1213,9340,0,0,3,344,0,0,0,1,0,-1,1,1,0,113
1213,1214,10246,1,3,0,648,0,0,0,1,0,-1,1,0,88,0
1214,1215,10205,1,3,4,784,0,0,0,1,0,-1,1,0,150,72
1215,1216,7094,1,0,3,180,0,0,0,0,0,-1,0,0,0,0
1216,1217,8930,0,-1,-1,0,0,0,584,0,0,-1,1,0,0,0
1217,1218,8640,0,2,0,936,0,0,0,1,0,-1,0,0,135,112
1218,1219,6240,0,-1,-1,0,1,0,240,0,0,-1,-1,1,0,0
1219,1220,1680,0,0,2,0,0,0,546,0,1,-1,-1,1,201,0
1220,1221,7800,1,0,3,312,0,0,0,0,0,-1,1,0,0,0
1221,1222,8250,0,0,4,250,0,0,0,0,0,0,1,0,0,63
1222,1223,10496,0,2,3,196,0,0,678,0,0,1,1,0,0,0
1223,1224,10680,0,0,5,756,1,2,0,0,0,-1,1,0,0,30
1224,1225,15384,1,3,0,724,0,0,702,1,1,1,2,0,100,75
1225,1226,10482,0,3,0,507,0,0,0,0,0,-1,0,0,224,0
1226,1227,14598,1,2,2,0,0,0,1039,0,1,1,2,0,100,18
1227,1228,8872,0,0,1,595,0,0,0,1,0,-1,1,0,0,240
1228,1229,8769,0,0,0,1540,0,0,0,1,1,1,2,0,0,72
1229,1230,7910,0,0,1,666,0,0,0,0,0,-1,1,0,0,0
1230,1231,18890,1,0,0,498,0,0,1259,0,2,0,0,1,155,24
1231,1232,7728,0,3,1,803,0,0,0,1,0,-1,1,0,0,18
1232,1233,9842,0,-1,-1,0,0,0,0,0,0,-1,1,0,0,0
1233,1234,12160,1,0,3,1000,0,0,0,1,0,-1,0,0,0,0
1234,1235,8525,0,3,2,0,1,2,940,0,1,-1,-1,1,0,192
1235,1236,13132,0,2,2,0,0,1,892,0,1,-1,1,1,203,40
1236,1237,2628,0,0,2,0,0,0,862,0,1,-1,0,0,0,27
1237,1238,12393,2,0,2,0,0,0,1101,0,1,1,2,0,100,48
1238,1239,13072,0,0,2,0,0,0,0,0,1,-1,1,0,0,0
1239,1240,9037,1,3,0,428,0,0,0,0,0,1,0,0,120,33
1240,1241,8158,0,0,0,550,0,0,884,1,1,-1,0,0,0,63
1241,1242,9849,0,3,2,0,0,0,0,0,0,-1,0,0,0,56
1242,1243,10625,0,1,0,885,0,0,0,1,0,0,0,0,0,120
1243,1244,13891,0,1,0,1386,0,0,0,1,1,1,2,0,216,229
1244,1245,11435,1,0,2,0,0,0,725,0,0,1,1,0,0,0
1245,1246,12090,0,0,2,0,0,0,728,0,1,0,2,0,268,112
1246,1247,8125,0,0,2,0,0,0,797,0,1,-1,0,0,0,45
1247,1248,12328,1,3,0,539,0,0,0,1,0,-1,1,0,0,0
1248,1249,9600,0,0,3,319,1,0,924,0,1,1,1,2,0,0
1249,1250,7200,0,0,4,534,0,0,0,0,0,-1,1,0,0,80
1250,1251,11160,0,0,1,1065,0,0,0,1,1,0,2,0,0,0
1251,1252,3136,1,0,2,0,0,0,0,0,0,1,0,0,148,36
1252,1253,9858,0,0,4,510,0,0,0,1,0,-1,0,0,33,0
1253,1254,17542,1,1,5,125,0,0,651,1,1,1,0,0,220,47
1254,1255,6931,0,0,2,0,0,0,896,0,1,1,2,0,178,128
1255,1256,6240,0,0,5,425,0,2,408,0,0,1,1,0,0,0
1256,1257,14303,1,1,0,1314,0,0,0,1,0,0,2,0,262,36
1257,1258,4060,0,0,2,0,0,0,0,0,0,-1,-1,0,0,96
1258,1259,9587,1,1,0,655,0,0,0,1,0,-1,2,0,212,0
1259,1260,9750,0,0,1,602,0,0,0,1,1,-1,1,0,180,0
1260,1261,24682,3,0,2,0,0,0,783,0,1,0,2,0,0,103
1261,1262,9600,0,0,3,504,0,0,0,0,0,-1,1,0,0,0
1262,1263,11250,0,3,2,0,0,2,684,1,0,0,1,0,120,0
1263,1264,13515,0,0,2,0,0,2,764,0,0,1,1,1,0,0
1264,1265,4060,0,0,0,266,0,0,0,1,0,-1,2,0,144,68
1265,1266,3735,0,0,0,450,0,0,739,1,1,-1,1,0,0,34
1266,1267,10120,1,0,2,0,1,1,925,0,1,1,1,1,0,0
1267,1268,13214,1,1,2,0,0,0,0,0,0,1,2,0,144,76
1268,1269,14100,1,2,3,192,0,0,1479,0,1,1,1,0,314,12
1269,1270,11344,0,0,4,460,0,2,650,0,1,-1,1,0,0,0
1270,1271,23595,0,1,0,1258,0,0,192,2,1,0,2,0,268,0
1271,1272,9156,1,0,2,0,0,0,0,0,0,1,0,0,0,0
1272,1273,13526,1,0,4,560,0,0,0,1,0,-1,1,0,180,0
1273,1274,11512,1,3,1,719,0,0,0,1,0,1,0,0,0,0
1274,1275,5362,0,0,2,0,0,0,589,0,0,1,1,0,242,0
1275,1276,11345,0,0,3,220,0,2,992,0,0,-1,1,0,0,0
1276,1277,12936,1,0,4,593,0,0,660,0,1,0,1,0,294,116
1277,1278,17871,1,3,1,528,0,0,0,1,1,1,0,0,0,0
1278,1279,9473,0,0,0,804,0,0,903,1,1,1,0,0,0,211
1279,1280,7500,0,0,2,0,0,2,430,0,0,-1,0,0,30,0
1280,1281,9808,1,0,0,788,0,0,0,1,0,-1,0,0,0,72
1281,1282,8049,1,0,1,1053,0,0,0,1,0,0,2,0,0,58
1282,1283,8800,1,2,5,532,0,0,0,0,0,-1,1,0,0,0
1283,1284,9400,0,3,2,0,0,0,912,0,2,-1,-1,0,128,0
1284,1285,9638,0,0,2,0,0,0,748,0,0,1,1,0,272,0
1285,1286,6000,0,0,2,0,0,1,587,0,0,1,1,0,45,0
1286,1287,9790,0,0,1,569,0,0,0,1,1,1,1,0,0,26
1287,1288,36500,1,3,3,812,0,0,0,0,0,-1,1,1,168,198
1288,1289,5664,1,0,0,1158,0,0,0,1,0,3,2,0,212,59
1289,1290,11065,1,2,2,0,0,0,850,0,1,1,2,0,177,74
1290,1291,14112,1,3,0,1014,0,0,0,1,0,1,0,0,227,0
1291,1292,1680,0,0,1,231,0,0,672,0,1,-1,1,0,185,0
1292,1293,6600,0,0,2,0,1,0,994,0,0,-1,0,0,0,287
1293,1294,10140,0,0,0,194,0,0,832,0,1,0,0,0,0,28
1294,1295,8172,0,0,3,167,0,0,0,1,0,-1,1,1,0,0
1295,1296,8400,0,3,4,1016,0,0,0,1,1,-1,0,0,356,0
1296,1297,8700,0,2,1,776,0,0,0,1,0,-1,0,0,192,20
1297,1298,3675,0,1,0,547,0,0,0,1,0,-1,2,0,0,44
1298,1299,63887,3,1,0,5644,0,0,950,2,1,1,2,0,214,292
1299,1300,7500,0,0,5,340,0,0,0,1,1,-1,0,0,218,0
1300,1301,10762,1,0,0,694,0,0,978,0,1,0,2,0,0,0
1301,1302,7500,1,0,4,547,0,0,741,0,0,1,1,2,0,0
1302,1303,10120,0,0,0,740,0,0,1323,1,1,0,0,0,309,78
1303,1304,8688,0,3,2,0,0,0,0,0,0,-1,0,0,208,59
1304,1305,3363,0,0,2,0,0,0,732,0,0,-1,1,0,0,40
1305,1306,13173,1,0,0,1572,0,0,0,1,0,3,2,0,404,102
1306,1307,6955,1,0,2,0,0,0,0,0,0,1,0,0,132,35
1307,1308,8072,0,0,1,746,0,0,0,1,0,-1,1,0,0,64
1308,1309,12000,0,0,0,144,0,0,0,1,0,-1,1,0,0,36
1309,1310,7153,0,0,0,1200,0,0,0,1,0,-1,0,0,112,51
1310,1311,17500,0,3,0,1406,0,0,0,1,0,0,2,0,0,207
1311,1312,8814,0,0,0,925,0,0,0,1,0,-1,0,0,264,98
1312,1313,9572,1,0,0,482,0,0,1357,0,1,3,0,0,500,0
1313,1314,14774,1,0,2,0,0,0,1177,0,1,0,2,0,668,30
1314,1315,8190,0,0,3,732,0,0,0,1,0,0,1,0,0,36
1315,1316,11075,0,2,1,500,0,0,1020,0,1,1,1,0,280,0
1316,1317,10226,1,1,2,0,0,0,0,1,0,1,0,0,172,42
1317,1318,4230,0,0,2,0,0,0,0,0,0,1,0,0,0,241
1318,1319,14781,2,1,2,0,0,0,0,0,0,0,0,0,198,150
1319,1320,10215,0,0,1,492,0,0,0,0,0,-1,1,0,0,0
1320,1321,8400,0,0,1,189,0,0,0,1,1,1,0,0,114,0
1321,1322,6627,1,-1,-1,0,1,0,0,0,0,-1,1,0,0,0
1322,1323,10186,1,0,0,674,0,0,862,1,1,0,0,0,240,39
1323,1324,5330,0,0,5,280,0,0,0,0,0,-1,-1,0,164,0
1324,1325,9986,0,3,2,0,0,0,0,0,0,1,0,0,0,49
1325,1326,3636,0,0,2,0,1,0,0,0,0,-1,-1,1,0,0
1326,1327,4270,0,0,3,544,0,0,0,0,0,-1,-1,0,0,0
1327,1328,6600,0,0,1,641,0,0,0,0,0,3,1,0,0,0
1328,1329,10440,0,0,5,493,0,0,1208,0,0,0,1,0,0,547
1329,1330,9084,1,0,2,0,0,0,677,0,1,0,2,0,0,28
1330,1331,10000,0,3,2,0,0,0,0,0,0,1,0,0,144,45
1331,1332,10780,1,3,1,483,0,0,0,0,0,-1,1,0,0,0
1332,1333,8877,0,2,1,690,0,0,0,1,0,1,1,0,0,0
1333,1334,7200,0,0,2,0,0,0,557,0,1,-1,1,0,0,65
1334,1335,2368,0,0,5,765,0,0,600,0,1,-1,1,0,0,36
1335,1336,9650,0,0,1,686,0,0,0,0,0,0,0,0,0,16
1336,1337,9246,1,0,2,0,0,0,0,0,0,-1,1,0,0,211
1337,1338,4118,1,0,2,0,1,2,0,0,0,-1,-1,1,0,20
1338,1339,13450,1,0,0,700,0,0,941,1,1,-1,0,0,146,91
1339,1340,9560,1,2,3,360,0,0,0,0,0,-1,0,0,0,0
1340,1341,8294,0,0,2,0,0,0,0,0,0,-1,1,0,0,0
1341,1342,13695,0,0,0,814,0,0,0,1,0,-1,1,0,0,78
1342,1343,9375,0,0,2,0,0,0,885,0,1,1,0,0,192,87
1343,1344,7558,0,0,2,0,0,0,741,0,1,0,1,0,0,0
1344,1345,11103,1,0,2,0,0,0,728,0,1,0,2,0,0,0
1345,1346,6000,0,0,1,250,0,2,0,0,0,-1,1,0,0,0
1346,1347,20781,2,0,4,297,0,0,0,0,0,1,0,0,0,80
1347,1348,15306,1,1,0,80,0,0,0,1,0,1,2,0,0,0
1348,1349,16196,3,1,0,1443,0,0,0,1,0,2,0,0,402,25
1349,1350,5250,0,0,5,259,1,0,1215,0,0,-1,-1,0,0,54
1350,1351,11643,0,0,5,500,0,0,1296,1,2,-1,1,0,0,0
1351,1352,9247,1,0,3,319,0,0,858,0,1,1,2,0,0,84
1352,1353,6000,0,0,2,0,0,0,390,0,0,-1,1,1,210,0
1353,1354,14720,1,3,0,816,0,0,1185,1,1,3,2,0,283,86
1354,1355,10316,1,0,0,735,0,0,873,1,1,0,0,0,0,184
1355,1356,10192,1,0,2,0,0,0,698,0,0,0,0,0,0,98
1356,1357,9477,0,0,3,340,0,0,0,0,0,-1,0,0,0,0
1357,1358,12537,1,0,0,734,0,0,0,1,1,2,2,0,0,0
1358,1359,2117,0,0,0,378,0,0,804,0,1,-1,1,0,0,32
1359,1360,16737,0,3,0,1447,0,0,0,1,0,1,2,0,194,45
1360,1361,9842,0,0,2,0,0,0,1611,0,1,-1,0,0,183,0
1361,1362,16158,1,3,1,1274,0,0,0,1,0,1,2,0,168,36
1362,1363,12513,1,0,2,0,0,0,457,0,0,1,1,0,55,0
1363,1364,8499,1,0,2,0,0,0,796,0,1,1,2,0,0,36
1364,1365,3180,0,0,2,0,0,0,600,0,1,-1,0,0,0,166
1365,1366,7500,0,0,0,533,0,0,860,1,1,-1,0,0,0,96
1366,1367,9179,1,0,0,633,0,0,908,1,1,-1,0,0,0,88
1367,1368,2665,0,0,1,548,0,0,550,0,0,0,0,0,104,26
1368,1369,4435,0,3,0,685,0,0,0,1,0,-1,2,0,140,0
1369,1370,10635,2,3,4,370,0,0,0,1,0,0,2,0,0,262
1370,1371,5400,0,0,1,315,0,0,534,0,0,-1,2,0,0,0
1371,1372,9600,0,3,4,831,0,0,0,1,0,0,0,0,0,28
1372,1373,9750,0,3,0,975,0,0,989,1,1,0,0,0,253,170
1373,1374,11400,0,1,0,1282,0,0,0,1,1,1,0,0,314,140
1374,1375,10625,0,0,2,0,0,0,932,0,1,1,2,0,154,210
1375,1376,10991,1,1,2,0,0,0,0,0,0,1,2,0,100,36
1376,1377,6292,0,2,3,384,1,0,0,0,0,-1,1,0,0,141
1377,1378,10998,0,0,5,408,0,0,620,0,0,-1,1,0,0,68
1378,1379,1953,0,0,4,309,0,0,504,0,1,-1,1,0,72,0
1379,1380,9735,0,0,2,0,0,-1,640,0,1,-1,2,0,100,0
1380,1381,8212,0,0,3,203,1,1,0,1,0,-1,1,0,0,0
1381,1382,12925,1,2,4,865,0,0,0,0,1,1,2,0,0,42
1382,1383,7200,0,0,2,0,0,0,764,1,1,-1,1,1,36,0
1383,1384,25339,0,0,2,0,0,0,0,0,0,-1,1,1,0,0
1384,1385,9060,0,2,3,204,0,0,560,0,0,-1,1,2,0,0
1385,1386,5436,0,0,4,735,0,0,358,1,0,-1,1,1,0,96
1386,1387,16692,1,0,4,790,0,0,1392,1,1,0,0,0,0,112
1387,1388,8520,0,0,3,168,1,0,862,0,0,1,1,0,88,15
1388,1389,14892,1,1,0,1320,0,0,0,1,0,1,2,0,201,39
1389,1390,6000,0,0,1,375,0,0,349,0,0,1,1,0,0,0
1390,1391,9100,0,3,0,1400,0,0,0,1,0,-1,0,0,219,36
1391,1392,8944,0,0,2,0,0,0,0,0,0,-1,1,0,0,152
1392,1393,7838,0,3,1,769,0,0,0,1,0,4,0,0,175,144
1393,1394,10800,0,0,2,0,1,0,691,0,0,0,1,0,0,25
1394,1395,4045,0,3,0,1070,0,0,0,1,0,1,2,0,161,20
1395,1396,12665,1,1,2,0,0,0,1349,0,1,1,2,0,144,39
1396,1397,57200,1,3,4,353,0,0,0,1,0,0,1,1,0,0
1397,1398,6120,0,2,2,0,0,0,574,0,1,-1,1,1,24,0
1398,1399,7200,0,0,3,180,0,2,768,1,1,-1,1,0,0,0
1399,1400,6171,0,0,4,264,0,0,448,0,1,1,1,0,147,16
1400,1401,6000,0,0,2,0,0,0,208,0,0,1,0,0,0,0
1401,1402,7415,1,0,0,759,0,0,729,1,1,0,2,0,100,75
1402,1403,6762,0,3,2,0,0,0,0,0,0,1,0,0,168,55
1403,1404,15256,1,1,0,929,0,0,0,1,0,-1,1,0,168,160
1404,1405,10410,0,0,2,0,0,0,520,0,0,-1,1,0,216,0
1405,1406,3842,1,1,0,1373,0,0,0,1,0,1,2,0,128,53
1406,1407,8445,0,3,0,656,0,0,0,1,0,-1,1,0,58,0
1407,1408,8780,1,0,1,625,0,0,0,1,0,-1,-1,0,0,0
1408,1409,7740,0,0,2,0,0,0,622,0,0,-1,1,0,0,0
1409,1410,20544,1,0,2,0,0,0,857,0,1,0,2,0,364,63
1410,1411,12420,0,0,0,666,0,0,896,1,1,-1,0,0,0,45
1411,1412,9600,0,0,4,120,0,0,556,0,1,-1,1,0,0,0
1412,1413,7200,0,-1,-1,0,1,1,0,0,0,-1,1,0,0,0
1413,1414,10994,1,0,0,976,0,0,0,1,0,1,2,0,165,44
1414,1415,13053,0,0,2,0,0,0,795,0,1,1,1,1,0,0
1415,1416,3635,0,0,1,988,0,0,0,0,0,0,0,0,143,20
1416,1417,11340,0,0,2,0,0,0,1044,0,0,-1,1,1,0,0
1417,1418,16545,1,2,0,781,0,0,1140,1,1,0,2,0,0,126
1418,1419,9204,0,0,4,25,0,0,0,1,1,-1,1,0,0,88
1419,1420,16381,1,3,3,1110,0,0,0,1,0,0,0,0,0,73
1420,1421,11700,0,0,1,404,0,0,708,0,1,0,0,0,0,169
1421,1422,4043,0,0,1,360,0,0,0,0,0,2,0,0,0,55
1422,1423,4435,0,3,0,686,0,0,0,1,0,-1,2,0,140,0
1423,1424,19690,1,3,2,0,0,0,626,0,0,1,1,0,586,236
1424,1425,9503,0,0,1,457,0,0,0,1,0,0,1,0,316,28
1425,1426,10721,1,0,2,0,0,0,0,0,0,-1,1,0,0,39
1426,1427,10944,1,0,0,1000,0,0,904,1,1,0,0,0,171,132
1427,1428,10930,0,0,4,580,0,2,510,1,1,0,1,0,0,0
1428,1429,7200,0,0,4,510,0,0,0,1,0,1,1,0,0,0
1429,1430,12546,1,0,4,678,0,0,0,0,0,0,2,0,0,0
1430,1431,21930,3,3,2,0,0,0,1104,0,1,1,2,0,100,40
1431,1432,4928,1,0,5,958,0,0,0,0,0,-1,0,0,0,60
1432,1433,10800,0,0,2,0,0,0,0,0,0,-1,1,0,0,0
1433,1434,10261,1,0,2,0,0,0,830,1,1,0,2,0,0,0
1434,1435,17400,0,0,1,936,0,0,0,1,0,1,0,2,295,41
1435,1436,8400,0,0,2,0,0,0,0,1,1,1,0,0,0,36
1436,1437,9000,0,0,1,616,0,0,0,0,0,-1,1,0,0,0
1437,1438,12444,0,3,0,1336,0,0,0,1,0,1,2,0,0,66
1438,1439,7407,0,0,0,600,0,2,0,1,0,-1,1,0,0,158
1439,1440,11584,0,0,0,315,0,0,685,0,1,0,0,0,0,88
1440,1441,11526,1,0,2,0,0,0,748,0,0,1,2,0,431,0
1441,1442,4426,0,3,0,697,0,0,0,1,0,0,0,0,149,0
1442,1443,11003,0,3,0,765,0,0,981,1,1,3,2,0,168,52
1443,1444,8854,0,0,2,0,1,1,0,0,0,1,1,2,0,98
1444,1445,8500,0,3,2,0,0,0,0,0,0,-1,0,0,192,60
1445,1446,8400,0,1,5,187,0,0,0,1,0,-1,1,0,0,0
1446,1447,26142,1,0,3,593,0,0,0,0,0,-1,1,2,261,39
1447,1448,10000,0,0,0,1079,0,0,870,1,1,0,0,0,0,65
1448,1449,11767,0,0,2,0,1,0,550,0,1,-1,1,0,168,24
1449,1450,1533,0,3,0,553,0,0,0,1,0,-1,-1,0,0,0
1450,1451,9000,0,0,2,0,0,0,896,0,2,-1,-1,0,32,45
1451,1452,9262,0,0,2,0,0,0,0,0,0,1,2,0,0,36
1452,1453,3675,0,1,0,547,0,0,0,1,0,-1,2,0,0,28
1453,1454,17217,0,0,2,0,0,0,0,0,0,-1,-1,0,36,56
1454,1455,7500,0,0,0,410,0,0,0,1,0,-1,0,0,0,113
1455,1456,7917,0,0,2,0,0,0,694,0,1,0,0,0,0,40
1456,1457,13175,0,0,1,790,0,0,0,1,0,0,1,0,349,0
1457,1458,9042,0,0,0,275,0,0,1152,0,0,1,0,0,0,60
1458,1459,9717,0,2,0,49,0,2,0,1,0,-1,1,0,366,0
1459,1460,9937,0,0,4,830,0,0,0,1,1,-1,2,0,736,68
